-- phpMyAdmin SQL Dump
-- version 5.2.1
-- https://www.phpmyadmin.net/
--
-- Gép: localhost
-- Létrehozás ideje: 2025. Okt 06. 13:50
-- Kiszolgáló verziója: 10.4.32-MariaDB
-- PHP verzió: 8.2.12

SET SQL_MODE = "NO_AUTO_VALUE_ON_ZERO";
START TRANSACTION;
SET time_zone = "+00:00";


/*!40101 SET @OLD_CHARACTER_SET_CLIENT=@@CHARACTER_SET_CLIENT */;
/*!40101 SET @OLD_CHARACTER_SET_RESULTS=@@CHARACTER_SET_RESULTS */;
/*!40101 SET @OLD_COLLATION_CONNECTION=@@COLLATION_CONNECTION */;
/*!40101 SET NAMES utf8mb4 */;

--
-- Adatbázis: `hot_wheels_cars`
--

-- --------------------------------------------------------

--
-- Tábla szerkezet ehhez a táblához `colors`
--

CREATE TABLE `colors` (
  `id` int(3) NOT NULL,
  `color` varchar(20) DEFAULT NULL
) ENGINE=InnoDB DEFAULT CHARSET=utf8 COLLATE=utf8_general_ci;

--
-- A tábla adatainak kiíratása `colors`
--

INSERT INTO `colors` (`id`, `color`) VALUES
(1, 'Fehér'),
(2, 'Kék'),
(3, 'Piros'),
(4, 'Falken'),
(5, 'M. Fekete'),
(6, 'V. Kék'),
(7, 'Sárga'),
(8, 'Szürke'),
(9, 'S. Piros'),
(10, 'Lila'),
(11, 'Narancs'),
(12, 'Zöld'),
(13, 'Gyöngyházfényű kék'),
(14, 'Fekete'),
(15, 'V. Szürke'),
(16, 'Levendula'),
(17, 'S. Kék'),
(18, 'Chrome Arany'),
(19, 'Arany'),
(20, 'Kékeszöld'),
(21, 'S. Szürke'),
(22, 'Citrom/Narancs'),
(23, 'Citrom'),
(24, 'Kerámia Ezüst'),
(25, 'Kék '),
(26, 'Indigó Kék'),
(27, 'Spoon Sports'),
(28, 'V. Zöld'),
(29, 'Bor'),
(30, 'Ezüst'),
(31, '\"Spectraflame\" Lila'),
(32, 'Gyöngy V. Kék'),
(33, 'S. Zöld'),
(34, 'Türkiz'),
(35, 'Piros/Fekete'),
(36, 'Zamac'),
(37, 'Viola'),
(38, 'Királylila'),
(39, 'Korall'),
(40, 'Türkiz?'),
(41, 'Lime Zöld'),
(42, 'Barna'),
(43, 'Oliva'),
(44, 'Kalóz Piros'),
(45, 'Gyöngyház V. Kék'),
(46, 'Tengeri hab'),
(47, 'Fukszia'),
(48, 'Trutyi'),
(49, 'Rubint Piros'),
(50, 'Réz'),
(51, 'Ég Kék'),
(52, 'V.Kék'),
(53, 'M. Fehér'),
(54, 'Gyöngy Fehér'),
(55, 'Gesztenyebarna'),
(56, 'Rózsaszín'),
(57, 'Mustár'),
(58, 'Szatin Kék'),
(59, 'Átlátszó Sárga'),
(60, 'Áttetsző kék'),
(61, 'Oliva Zöld'),
(62, 'Szürkés kék'),
(63, 'Szilvagyöngy'),
(64, 'Matt Fekete'),
(65, 'Bordó'),
(66, 'Krém'),
(67, 'Kék/Fehér'),
(68, 'Chrome'),
(69, 'Fémpelyhes Lime Zöld'),
(70, 'Világos Zöld'),
(71, 'Keki'),
(72, 'Türkiz / ZöldesKék'),
(73, 'Ezüst Kék'),
(74, 'Lila Kaméleon?'),
(75, 'Indigó'),
(76, 'Narancs/V. Zöld'),
(77, 'Átlátszó'),
(78, 'Átlátszó Piros'),
(79, 'Gyöngyház Fehér'),
(80, 'Rosso Corsa'),
(81, 'Gulf'),
(82, 'M. Piros'),
(83, 'M. Atlasz Kék'),
(84, 'Fémpelyhes S. Piros'),
(85, 'Tengerészkék'),
(86, 'Narancs Barna'),
(87, 'Fehér/Piros'),
(88, 'Matt Szürke'),
(89, 'Maserati Piros'),
(90, 'Grand Prix Piros'),
(91, 'Exclusive Zöld'),
(92, 'Neon Narancs'),
(93, 'Lazac'),
(94, 'S. Narancs'),
(95, 'M. Szürke'),
(96, 'Citrom/Zöld'),
(97, 'Red Bull'),
(98, 'Nyír Zöld'),
(99, 'S. Lila'),
(100, '??? Chrome Ezüst'),
(101, 'Vörös'),
(102, 'Matt V. Kék'),
(103, 'Gyöngy Rózsaszín'),
(104, 'Pezsgő'),
(105, 'Matt Fehér'),
(106, 'Átlátszó lila'),
(107, 'Zöld + Sárga'),
(108, 'Cserszínű'),
(109, 'Csillámos Kék'),
(110, 'S. Rózsaszín'),
(111, 'V.Zöld'),
(112, 'S. Kékeszöld'),
(113, 'Ultra piros'),
(114, 'Fehér/Zöld'),
(115, 'Halvány Sárga'),
(116, 'Kék Fehér'),
(117, NULL),
(233, 'Gyuri');

-- --------------------------------------------------------

--
-- Tábla szerkezet ehhez a táblához `designers`
--

CREATE TABLE `designers` (
  `id` int(2) NOT NULL,
  `designer` varchar(18) DEFAULT NULL
) ENGINE=InnoDB DEFAULT CHARSET=utf8 COLLATE=utf8_general_ci;

--
-- A tábla adatainak kiíratása `designers`
--

INSERT INTO `designers` (`id`, `designer`) VALUES
(1, 'Ryu Asada'),
(2, 'Phil Riehlman'),
(3, 'Jun Imai'),
(4, 'Mark Jones'),
(5, 'Brendon Vetuskey'),
(6, 'Dmitriy Shakhmatov'),
(7, 'Larry Wood'),
(8, 'Eric Han'),
(9, 'Sonny Fisher'),
(10, 'Ryu Asada '),
(11, 'Ronald Wong'),
(12, 'John Violette'),
(13, 'Felix Holst'),
(14, 'Lindsey Lee'),
(15, 'Charlie Angulo'),
(16, 'Rob Matthes'),
(17, 'Unknown'),
(18, 'Eric Tscherne'),
(19, 'Alec Tam'),
(20, 'Bryan Benedict'),
(21, 'Michael Kollins'),
(22, 'Kevin Cao'),
(23, 'Fraser Campbell'),
(24, 'Dwayne Vance'),
(25, 'Dave Weise'),
(26, 'Shawn Moghadam'),
(27, 'Craig Callum'),
(28, 'Ira Gilford'),
(29, 'Bryan Zhao'),
(30, 'Harry Bradley'),
(31, 'Manson Cheung'),
(32, 'Lionel'),
(33, 'Raffy Gonzalez'),
(34, 'Sei Cho'),
(35, 'Matt Gabe'),
(36, 'Tony Martino'),
(37, 'Tyler Charest'),
(38, 'Mike Nuttall'),
(39, 'Terry Choy'),
(40, 'Leeway Chang'),
(41, 'Nathan Proch'),
(42, 'Wayne Scott'),
(43, 'Alvin Chan'),
(44, NULL),
(87, 'Áron'),
(88, '');

-- --------------------------------------------------------

--
-- Tábla szerkezet ehhez a táblához `hw_cars`
--

CREATE TABLE `hw_cars` (
  `id` int(3) NOT NULL,
  `name` varchar(47) DEFAULT NULL,
  `toy_code` varchar(11) DEFAULT NULL,
  `color_id` int(3) DEFAULT NULL,
  `year_id` int(2) DEFAULT NULL,
  `series_id` int(3) DEFAULT NULL,
  `notes` varchar(168) DEFAULT NULL,
  `extras` varchar(19) DEFAULT NULL,
  `packed` int(1) DEFAULT NULL,
  `designer_id` int(2) DEFAULT NULL,
  `img_url` varchar(220) DEFAULT NULL
) ENGINE=InnoDB DEFAULT CHARSET=utf8 COLLATE=utf8_general_ci;

--
-- A tábla adatainak kiíratása `hw_cars`
--

INSERT INTO `hw_cars` (`id`, `name`, `toy_code`, `color_id`, `year_id`, `series_id`, `notes`, `extras`, `packed`, `designer_id`, `img_url`) VALUES
(1, '03 Honda NSX Type-R', 'HCK00', 1, 1, 1, ' ', 'Premium', 0, 1, 'https://static.wikia.nocookie.net/hotwheels/images/d/d6/%2703HondaNSX-R.jpg/revision/latest/scale-to-width-down/1000?cb=20220420135933'),
(2, '07 Chevy Tahoe', 'BFC59', 2, 2, 2, ' ', '', 0, 2, 'https://static.wikia.nocookie.net/hotwheels/images/f/ff/HW-2014-44-%2707_Chevy_Tahoe-Rescue..jpg/revision/latest/scale-to-width-down/1000?cb=20131224001540'),
(3, '07 Chevy Tahoe', 'FYL15', 3, 3, 3, '', '', 0, 2, 'https://static.wikia.nocookie.net/hotwheels/images/7/7f/ChevyTahoe-5pk-Police-2019.jpg/revision/latest/scale-to-width-down/1000?cb=20191005211721'),
(4, '07 Ford Mustang', 'HKJ43', 4, 4, 2, ' ', '', 1, 3, 'https://aprojatek.hu/33376-superlarge_default/hot-wheels-then-and-now-07-ford-mustang-kisauto.jpg'),
(5, '07 Shelby GT-500', 'V0019', 5, 5, 2, ' ', '', 0, 2, 'https://static.wikia.nocookie.net/hotwheels/images/6/6c/2011-111-NB01-07ShelbyGT500-FltBlack.jpg/revision/latest/scale-to-width-down/1000?cb=20130212014015'),
(6, '08 Ford Focus', 'HKH50', 6, 6, 2, ' ', '', 0, 4, 'https://static.wikia.nocookie.net/hotwheels/images/c/ce/HKH51-LOOSE.jpg/revision/latest/scale-to-width-down/1000?cb=20230101064718'),
(7, '08 Ford Focus', 'X6999', 7, 7, 4, ' ', '', 0, 4, 'https://static.wikia.nocookie.net/hotwheels/images/9/98/08%27_Ford_focus_%283765%29_HW_L1160754.JPG/revision/latest/scale-to-width-down/1000?cb=20180331153541'),
(8, '10 Ford Shelby GT500', 'R0924', 8, 8, 5, '', '2010 New Models', 0, 2, 'https://static.wikia.nocookie.net/hotwheels/images/c/c9/10_Shelby_GT500_-_10NM_Silver.jpg/revision/latest?cb=20100406090919'),
(9, '12 Ford Fiesta', 'CFK33', 9, 9, 2, '', '', 0, 4, 'https://netjatek.hu/images/common/products/large/08/78/87872-1-hot-wheels-off-road-12-ford-fiesta-kisauto-1613658257390177.jpg'),
(10, '12 Ford Mustang Boss 302 Laguna Seca', 'BFD81', 3, 2, 2, '', '', 0, 3, 'https://static.wikia.nocookie.net/hotwheels/images/a/a5/BFD81-03.JPG/revision/latest/scale-to-width-down/1000?cb=20200423170730'),
(11, '12 Ford Mustang Boss 302 Laguna Seca', 'V5570', 8, 10, 5, '', '2012 New Models', 0, 3, 'https://static.wikia.nocookie.net/hotwheels/images/5/5a/2012_mustang_boss_302_laguna_seca_2012_silver.png/revision/latest/scale-to-width-down/1000?cb=20120228010512'),
(12, '12 Ford Mustang Boss 302 Laguna Seca', 'V5623', 2, 10, 5, '', '2012 New Models', 0, 3, 'https://static.wikia.nocookie.net/hotwheels/images/5/5a/2012_mustang_boss_302_laguna_seca_2012_silver.png/revision/latest/scale-to-width-down/1000?cb=20120228010512'),
(13, '15 Dodge Charger SRT', 'FKB05', 10, 7, 2, '', '', 0, 5, 'https://static.wikia.nocookie.net/hotwheels/images/b/b4/2E0C6CD4-13F1-41E6-B3BB-5E37A2E72840.jpeg/revision/latest/scale-to-width-down/1000?cb=20190212023821'),
(14, '15 Mazda MX-5 Miata', 'JBB18', 3, 11, 2, '', '', 1, 1, ''),
(15, '16 Bugatti Chiron', 'HTB88', 3, 12, 2, ' ', '', 1, 1, ''),
(16, '16 Honda Civic Type R', 'X6999', 11, 11, 4, '3-as csomag', '', 1, 1, 'https://static.wikia.nocookie.net/hotwheels/images/f/f9/2025_2016_Honda_Civic_Type-R.jpg/revision/latest/scale-to-width-down/1000?cb=20250105121906'),
(17, '17 Acura NSX', 'GTC58', 12, 6, 2, ' ', '', 1, 1, 'https://static.wikia.nocookie.net/hotwheels/images/4/43/2024HWMotorShowNSX-1.jpg/revision/latest/scale-to-width-down/1000?cb=20240525032026'),
(18, '17 Acura NSX', 'HTV49', 1, 12, 6, ' ', '', 1, 1, 'https://static.wikia.nocookie.net/hotwheels/images/a/a2/GTC58-01.JPG/revision/latest/scale-to-width-down/1000?cb=20211224055744'),
(19, '17 Acura NSX', 'DHN99', 13, 13, 2, '', 'Első', 0, 1, 'https://static.wikia.nocookie.net/hotwheels/images/d/d9/2016NM21_%28Large%29.JPG/revision/latest/scale-to-width-down/1000?cb=20191006073402'),
(20, '17 Ford F-150 Raptor', 'JBB05', 2, 11, 2, '', '', 1, 1, 'https://static.wikia.nocookie.net/hotwheels/images/c/ce/2017FordRaptorRace.jpg/revision/latest/scale-to-width-down/1000?cb=20250416123828'),
(21, '17 Ford GT', 'HTC26', 1, 12, 2, '', '', 1, 4, ''),
(22, '17 Nissan GT-R (R35)', 'DVC50', 8, 14, 2, ' ', '', 1, 1, ''),
(23, '17 Pagani Huayra Roadster', 'HKK08', 2, 4, 2, ' ', '', 0, 1, 'https://static.wikia.nocookie.net/hotwheels/images/8/8a/IMAG1516%2825751%29.jpg/revision/latest/scale-to-width-down/1000?cb=20240530071507'),
(24, '17 Pagani Huayra Roadster', 'HKH37', 1, 4, 2, ' ', '', 0, 1, 'https://static.wikia.nocookie.net/hotwheels/images/2/25/HW_%2717_Pagani_Huayra_Roadster_%282023_-_HKH37%29.jpg/revision/latest/scale-to-width-down/1000?cb=20221019155728'),
(25, '17 Pagani Huayra Roadster', 'FJY24', 3, 7, 2, ' ', '', 0, 1, 'https://static.wikia.nocookie.net/hotwheels/images/a/a7/Huyra_Roadster_Red_18.jpg/revision/latest/scale-to-width-down/1000?cb=20181216142925'),
(26, '17 Pagani Huayra Roadster', 'FJX98', 8, 7, 2, ' ', '', 0, 1, 'https://static.wikia.nocookie.net/hotwheels/images/f/f6/%2717_Pagani_Huayra_Roadster.JPG/revision/latest/scale-to-width-down/1000?cb=20180730000127'),
(27, '17 Pagani Huayra Roadster', 'FYL17', 14, 3, 7, ' ', '', 0, 1, 'https://static.wikia.nocookie.net/hotwheels/images/8/82/809447AB-7257-459A-9B41-D8068185841D.jpeg/revision/latest?cb=20190408020112'),
(28, '18 Copo Camaro SS', 'HKH28', 1, 4, 2, ' ', '', 0, 6, 'https://static.wikia.nocookie.net/hotwheels/images/6/67/HKH28.jpg/revision/latest?cb=20230205164848'),
(29, '18 Copo Camaro SS', 'GHC23', 8, 15, 2, ' ', '', 0, 6, 'https://static.wikia.nocookie.net/hotwheels/images/3/38/GHC23-1.JPG/revision/latest/scale-to-width-down/1000?cb=20191003210732'),
(30, '18 Copo Camaro SS', 'HTV43', 2, 12, 8, ' ', '', 1, 6, 'https://static.wikia.nocookie.net/hotwheels/images/3/38/Polish_20240204_155744958.jpg/revision/latest/scale-to-width-down/1000?cb=20240204150050'),
(31, '18 Dodge Challenger SRT Demon', 'HKJ54', 2, 4, 2, ' ', '', 0, 5, 'https://static.wikia.nocookie.net/hotwheels/images/5/59/HKJ54.jpg/revision/latest?cb=20230324160317'),
(32, '18 Dodge Challenger SRT Demon', 'HCV31', 1, 1, 2, '', '', 0, 5, 'https://static.wikia.nocookie.net/hotwheels/images/0/0b/2022ML198_%28Large%29.JPG/revision/latest/scale-to-width-down/1000?cb=20220807050248'),
(33, '18 Ford Mustang RTR Spec 5', 'JBY53', 8, 11, 9, ' ', 'Silver Series', 1, 4, 'https://static.wikia.nocookie.net/hotwheels/images/6/64/Mustang_60_Years_2025_%2718_Ford_Mustang_RTR_Spec_5_Leadfoot_Gray_Thailand_JBY53.jpg/revision/latest/scale-to-width-down/1000?cb=20241217200032'),
(34, '1949 Ford F1', 'DJD28', 5, 13, 10, 'Az alján 41-es van 49-es helyett', ' ', 0, 3, ''),
(35, '1962 Corvette', 'HRV06', 15, 12, 11, '', '', 1, 7, ''),
(36, '1966 Chevy Impala', 'HRW53', 16, 12, 12, 'Fém aljú', 'Silver Series', 1, 8, ''),
(37, '1967 Camaro', 'K7559', 17, 16, 13, 'Nyitható Motorháztető', ' ', 0, 7, ''),
(38, '1969 Ford Mustang Boss 302', 'HRV08', 7, 12, 11, 'Fém aljú', '', 1, 3, 'https://static.wikia.nocookie.net/hotwheels/images/e/eb/Vintage_Racing_Club_2024_Mix_2_1969_Ford_Mustang_Boss_302_Yellow_Thailand_HRV08.jpg/revision/latest/scale-to-width-down/1000?cb=20240406203227'),
(39, '1970 Mustang Boss 302', 'HWF17', 18, 12, 14, ' ', 'RLC', 1, 3, 'https://static.wikia.nocookie.net/hotwheels/images/4/40/RLC_2024_1970_Mustang_Boss_302_Bright_Yellow_China_HWF17.jpg/revision/latest/scale-to-width-down/1000?cb=20240830203833'),
(40, '1971 Lamborghini Miura SV', 'HRV03', 19, 12, 11, '', '', 1, 2, ''),
(41, '1971 Nissan Skyline HT 2000 GT-R', 'JBY89', 11, 11, 15, '', '', 1, 9, 'https://static.wikia.nocookie.net/hotwheels/images/9/9d/Silver_Series_2025_National_Icons_1971_Nissan_Skyline_HT_2000_GT-R_Indonesia_JBY89.jpg/revision/latest/scale-to-width-down/1000?cb=20250530221219'),
(42, '1971 Porsche 911', 'HRV04', 12, 12, 11, '', '', 1, 10, 'https://static.wikia.nocookie.net/hotwheels/images/3/35/20240118181307.jpg/revision/latest/scale-to-width-down/1000?cb=20240118101506'),
(43, '1975 Datsun Sunny Truck (B120)', 'HYX36', 20, 11, 2, '', '', 1, 4, ''),
(44, '1985 Honda CR-X', 'FKT55', 2, 7, 16, ' ', '', 0, 1, 'https://static.wikia.nocookie.net/hotwheels/images/2/23/Honda_CRX_1985_%281j%29_-_HotWheels.jpg/revision/latest/scale-to-width-down/1000?cb=20240512170921'),
(45, '1985 Honda CR-X', 'FKT55', 2, 7, 16, '', '', 0, 1, 'https://static.wikia.nocookie.net/hotwheels/images/2/23/Honda_CRX_1985_%281j%29_-_HotWheels.jpg/revision/latest/scale-to-width-down/1000?cb=20240512170921'),
(46, '1987 Toyota Pickup Truck', 'DTX74', 3, 14, 2, '', '', 0, 3, 'https://static.wikia.nocookie.net/hotwheels/images/5/5c/1987_Toyota_Pickup_Truck_2017.png/revision/latest?cb=20170114092324'),
(47, '1996 Acura Integra GSR', 'JBY40', 3, 11, 17, '', '', 1, 8, 'https://static.wikia.nocookie.net/hotwheels/images/b/b4/Silver_Series_2025_Fast_%26_Furious_Racing_Course_1996_Acura_Integra_GSR_Thailand_JBY40.jpg/revision/latest/scale-to-width-down/1000?cb=20250616065812'),
(48, '20 Jeep Gladiator', 'HYY71', 14, 11, 2, '', '', 1, 1, 'https://verdaborze.hu/img/71949/VB241283/500x500,r/VB241283.jpg?time=1743513203'),
(49, '20 Toyota GR Supra', 'JBJ87', 3, 11, 8, '', '', 1, 1, 'https://static.wikia.nocookie.net/hotwheels/images/5/5a/20241218233218.jpg/revision/latest/scale-to-width-down/1000?cb=20241219053457'),
(50, '2001 BMW M3 GTR', 'JBK99', 1, 11, 18, ' ', 'Premium', 0, 11, 'https://static.wikia.nocookie.net/hotwheels/images/6/6a/BMWM3GTR.jpg/revision/latest/scale-to-width-down/1000?cb=20250224123211'),
(51, '2008 Lancer Evolution', 'L9938', 21, 17, 5, ' ', '2008 New Models', 0, 12, ''),
(52, '2009 Ford F-150', 'BHR25', 22, 2, 19, '', '', 0, 12, 'https://static.wikia.nocookie.net/hotwheels/images/7/73/Ford_F-150-2014_Color_Shifters_Warm.jpg/revision/latest?cb=20140412132846'),
(53, '2013 Hot Wheels Chevy Camaro Special Edition', 'X1622', 2, 18, 2, '', '', 0, 13, 'https://static.wikia.nocookie.net/hotwheels/images/5/52/2013_Hot_Wheels_Chevy_Camaro_Special_Edition.jpg/revision/latest/scale-to-width-down/1000?cb=20121120182032'),
(54, '2013 SRT Viper', 'X6999', 10, 6, 20, ' ', '', 0, 3, 'https://static.wikia.nocookie.net/hotwheels/images/3/38/HW_2013_VIPER_SRT_Multipack_exclusive_PURPLE.jpg/revision/latest/scale-to-width-down/1000?cb=20210302124725'),
(55, '2015 Ford Mustang GT Convertible', 'FJX74', 23, 7, 2, ' ', '', 0, 8, 'https://static.wikia.nocookie.net/hotwheels/images/9/90/2015-Ford-Mustang-GT-Convertible-2015-yellow.jpg/revision/latest/scale-to-width-down/1000?cb=20181010211217'),
(56, '2015 Ford Mustang GT Convertible', 'FKB04', 14, 7, 2, ' ', '', 0, 8, 'https://static.wikia.nocookie.net/hotwheels/images/8/8c/2015_Ford_Mustang_GT_Convertible_-_Loose.jpg/revision/latest?cb=20180911031211'),
(57, '2015 Ford Mustang GT Convertible', 'HFV92', 11, 1, 21, ' ', '', 0, 8, 'https://static.wikia.nocookie.net/hotwheels/images/f/fb/2015_Ford_Mustang_GT_Convertible_2022.jpg/revision/latest/scale-to-width-down/1000?cb=20230322091247'),
(58, '2015 Ford Mustang GT Convertible', 'DTW81', 3, 14, 2, '', 'A szülinapi Mustang', 0, 8, 'https://static.wikia.nocookie.net/hotwheels/images/6/62/2015_Ford_Mustang_GT_Convertible_2017_1.png/revision/latest?cb=20170116185010'),
(59, '2015 Ford Mustang GT Convertible', 'DVB42', 17, 14, 2, '', '', 0, 8, 'https://static.wikia.nocookie.net/hotwheels/images/9/95/2015_Ford_Mustang_GT_Convertible_2017_2.png/revision/latest?cb=20170116185020'),
(60, '2016 Ford GT Race', 'HTC71', 12, 12, 2, '', '', 1, 1, ''),
(61, '2018 Bentley Continental GT3', 'JBB30', 14, 11, 2, '', '', 1, 1, 'https://i.ebayimg.com/images/g/igEAAeSwweZoBmAc/s-l1600.webp'),
(62, '2018 Honda Civic Type R', 'HYY64', 3, 11, 2, '', '', 1, 1, 'https://static.wikia.nocookie.net/hotwheels/images/0/0d/2018HondaFK8.jpg/revision/latest/scale-to-width-down/1000?cb=20250107133258'),
(63, '2019 Kia Stinger GT', 'GHF02', 24, 15, 2, '', '', 1, 14, ''),
(64, '2019 Kia Stinger GT', 'GHB37', 25, 15, 2, '', '', 1, 14, ''),
(65, '2019 Kia Stinger GT', 'GTC00', 14, 6, 2, '', '', 1, 14, ''),
(66, '2020 Ford Mustang Shelby GT500', 'JBB16', 11, 11, 2, '', '', 1, 14, ''),
(67, '2020 Jaguar F-Type', 'GTB71', 8, 6, 2, '', '', 0, 1, 'https://static.wikia.nocookie.net/hotwheels/images/9/99/EB8EF1B6-9CA1-48ED-9C65-9EF6A28F1193.jpeg/revision/latest?cb=20210403124537'),
(68, '2020 Koenigsegg Jesko', 'HTF07', 11, 12, 2, '', '', 1, 1, ''),
(69, '2020 Koenigsegg Jesko', 'HYY66', 7, 11, 2, '', '', 1, 1, 'https://1stationhub.com.my/cdn/shop/files/HOTWHEELS_HW_RACE_dAY_2020_KOENIGSEGG_YELLOW_1_ab69eb03-a9fb-4b54-891d-f794871c4b60_grande.jpg?v=1737270440'),
(70, '2020 Koenigsegg Jesko', 'GTC51', 1, 6, 2, '', '', 0, 1, 'https://static.wikia.nocookie.net/hotwheels/images/c/c6/KoenigseggJesko.jpg/revision/latest/scale-to-width-down/1000?cb=20211209102530'),
(71, '2023 Nissan Z Custom', 'JCM08', 8, 11, 22, ' ', 'hátrahúzós, 1:43', 1, 15, 'https://static.wikia.nocookie.net/hotwheels/images/f/ff/2023NissanZGT4PBS.jpg/revision/latest/scale-to-width-down/1000?cb=20250731122223'),
(72, '21 Ford Bronco', 'HYW73', 8, 11, 2, '', '', 1, 6, ''),
(73, '21 Pagani Huayra R', 'HWF21', 26, 12, 14, '', 'RLC', 1, 11, ''),
(74, '24 Honda Civic Type-R', 'HRT61', 27, 12, 23, ' ', 'Premium', 0, 11, 'https://static.wikia.nocookie.net/hotwheels/images/e/e0/2024HondaCivicTypeR.jpg/revision/latest/scale-to-width-down/1000?cb=20240915123738'),
(75, '24 Ours', 'V5357', 3, 10, 2, 'Kopottabb', '', 0, 16, 'https://static.wikia.nocookie.net/hotwheels/images/7/73/24_hours-1.jpg/revision/latest?cb=20130901115943'),
(76, '24 ours', 'V5357', 3, 10, 2, 'Track Stars', '', 0, 16, 'https://static.wikia.nocookie.net/hotwheels/images/7/73/24_hours-1.jpg/revision/latest?cb=20130901115943'),
(77, '40\'s Woodie', '25415', 11, 19, 2, 'Vagy 5-ös vagy Sima', '', 0, 7, ''),
(78, '5 Alarm', 'JCH45', 3, 11, 24, ' ', '', 1, 17, 'https://www.jatekshop.eu/upload_files/products/mattel-hw-mt-hatkereku-vontato-5-alarm-k01570.webp'),
(79, '52 Chevy', 'HTC36', 1, 12, 2, '', '', 1, 7, ''),
(80, '55 Chevy ', 'HYW96', 14, 11, 2, '', '', 1, 7, ''),
(81, '56 Hi-Tail Hauler', '9647', 2, 20, 2, '', '', 0, 7, 'https://static.wikia.nocookie.net/hotwheels/images/8/80/%2756_Hi-Tail_Hauler_Blu.JPG/revision/latest?cb=20090113061855'),
(82, '57 Chevy', 'HTD56', 28, 12, 2, '', '', 1, 7, ''),
(83, '58 Chevy Impala', 'HYX38', 29, 11, 2, '', '', 1, 7, 'https://static.wikia.nocookie.net/hotwheels/images/2/21/1958Impala.jpg/revision/latest/scale-to-width-down/1000?cb=20250111110813'),
(84, '58 Ford Thunderbird', 'H9089', 30, 21, 2, '', '', 0, 7, 'https://i.ebayimg.com/images/g/pboAAOSwGzNhtvR2/s-l1200.jpg'),
(85, '59 Chevy Impala', 'HTB02', 5, 12, 25, '', '', 1, 7, ''),
(86, '60s Fiat 500D Modificado', 'JBY88', 14, 11, 15, ' ', 'Silver Series', 1, 4, 'https://static.wikia.nocookie.net/hotwheels/images/f/fc/Silver_Series_2025_National_Icons_%2760s_Fiat_500_D_Modificado_Indonesia_JBY88.jpg/revision/latest/scale-to-width-down/1000?cb=20250530221719'),
(87, '62 Chevy', 'V5406', 2, 10, 2, '', '', 0, 7, 'https://static.wikia.nocookie.net/hotwheels/images/a/a5/%2762_Chevy.103_2012_.jpg/revision/latest/scale-to-width-down/1000?cb=20120527135728'),
(88, '62 Corvette Gasser', 'JBB08', 8, 11, 2, '', '', 1, 5, 'https://static.wikia.nocookie.net/hotwheels/images/c/cf/ChevroletCorvetteGasser.jpg/revision/latest/scale-to-width-down/1000?cb=20250416123906'),
(89, '62 Ford Mustang Concept', 'HFV92', 14, 1, 21, ' ', '', 0, 2, 'https://static.wikia.nocookie.net/hotwheels/images/5/5b/62_Ford_Mustang_Concept.jpg/revision/latest/scale-to-width-down/1000?cb=20230322094306'),
(90, '64 Buick Riviera', 'X1854', 10, 18, 2, '', 'STH - párja', 0, 18, 'https://static.wikia.nocookie.net/hotwheels/images/c/cc/%2764_Buick_Riviera-2013_238_Muscle_Mania.jpg/revision/latest?cb=20130227201254'),
(91, '64 Buick Riviera', 'X2022', 31, 18, 26, 'AZ ELSŐ STH-M!!!', 'STH', 0, 18, 'https://static.wikia.nocookie.net/hotwheels/images/f/f9/%2764_Buick_Riviera-Purple.jpg/revision/latest/scale-to-width-down/1000?cb=20130523080959'),
(92, '64 Corvette Sting Ray', 'X1973', 32, 18, 2, '', '', 0, 7, 'https://static.wikia.nocookie.net/hotwheels/images/d/d0/%2764_Corvette_Sting_Ray-2013_204_Blue.jpg/revision/latest?cb=20130410193908'),
(93, '64 Lincoln Continental', 'V5591', 17, 10, 2, '', '', 0, 3, 'https://static.wikia.nocookie.net/hotwheels/images/5/53/64_lincoln_continental_2012_blue.png/revision/latest?cb=20120423004009'),
(94, '64 Lincoln Continental', 'X1856', 33, 18, 2, '', '', 0, 3, 'https://static.wikia.nocookie.net/hotwheels/images/6/6b/64_Lincoln_Continental_HW_showroom_2013_HW_Garage.JPG/revision/latest?cb=20121022211107'),
(95, '65 Ford Mustang 2+2 Fastback', 'JBY49', 2, 11, 9, ' ', 'Silver Series', 1, 19, 'https://static.wikia.nocookie.net/hotwheels/images/f/f6/Mustang_60_Years_2025_%2765_Ford_Mustang_2%2B2_Fastback_MF_Blue_with_Gray_Plastic_Base_Thailand_JBY49.jpg/revision/latest/scale-to-width-down/1000?cb=20241217200249'),
(96, '66 Buick Riviera', 'HYW16', 34, 11, 2, '', '', 1, 20, ''),
(97, '66 Ford 427 Fairlane', 'DHX30', 10, 13, 2, '', '', 0, 2, ''),
(98, '67 Austin Mini Van', 'JBB00', 11, 11, 2, '', '', 1, 3, 'https://static.wikia.nocookie.net/hotwheels/images/8/83/AustinVan.jpg/revision/latest/scale-to-width-down/1000?cb=20250416123707'),
(99, '67 Camaro', 'BHR63', 35, 9, 19, ' ', '', 0, 7, 'https://static.wikia.nocookie.net/hotwheels/images/c/c3/15cs4348camaro800.jpg/revision/latest?cb=20151114221034'),
(100, '67 Camaro', 'HFV87', 2, 1, 27, ' ', '', 0, 7, 'https://static.wikia.nocookie.net/hotwheels/images/8/83/009-042.jpg/revision/latest/scale-to-width-down/1000?cb=20220502024604'),
(101, '67 FORD MUSTANG COUPE', 'FRN24', 36, 7, 28, ' ', '', 0, 2, 'https://static.wikia.nocookie.net/hotwheels/images/f/f7/50th_%2767_Ford_Mustang_Coupe.jpg/revision/latest?cb=20180313053013'),
(102, '67 Ford Mustang Coupe', 'GTB45', 10, 6, 2, ' ', '', 0, 2, 'https://static.wikia.nocookie.net/hotwheels/images/7/75/67_FORD_MUSTANG_COUPE_2021.png/revision/latest?cb=20211204180021'),
(103, '67 Ford Mustang Coupe', 'BFD83', 12, 2, 2, ' ', '', 0, 2, 'https://static.wikia.nocookie.net/hotwheels/images/1/14/Hot_Wheels_2014_Custom_67_Ford_Mustang_5SP.jpg/revision/latest?cb=20140217141030'),
(104, '67 Ford Mustang Coupe', 'HYY62', 1, 11, 2, '', '', 1, 2, 'https://1stationhub.com.my/cdn/shop/files/HOTWHEELS_THENANDNOW_67FORDMUSTANGCOUPE_WHITE_1_grande.jpg?v=1737292724'),
(105, '67 Ford Mustang Coupe', 'BFD83', 12, 2, 2, 'Sajna nem autentikus, de jobb állapotú', '', 0, 2, 'https://static.wikia.nocookie.net/hotwheels/images/1/14/Hot_Wheels_2014_Custom_67_Ford_Mustang_5SP.jpg/revision/latest?cb=20140217141030'),
(106, '67 Mustang', 'FJY90', 37, 7, 2, ' ', '', 0, 21, ''),
(107, '67 Mustang', 'J2850', 12, 22, 29, '', 'Premium', 0, 21, ''),
(108, '67 Pontiac Firebird 400', 'DTY88', 3, 14, 2, '', '', 0, 5, 'https://static.wikia.nocookie.net/hotwheels/images/1/19/67_Pontiac_Firebird_400_%28DTY88%29.jpg/revision/latest?cb=20170919003053'),
(109, '67 Porsche 911 R', 'JBY86', 3, 11, 15, '', '', 1, 6, 'https://static.wikia.nocookie.net/hotwheels/images/f/fc/Silver_Series_2025_National_Icons_%2767_Porsche_911_R_Indonesia_JBY86.jpg/revision/latest/scale-to-width-down/1000?cb=20250530222346'),
(110, '67 Shelby GT500', 'HTV43', 3, 12, 8, ' ', '', 1, 22, 'https://static.wikia.nocookie.net/hotwheels/images/f/f9/Polish_20240204_161917968.jpg/revision/latest/scale-to-width-down/1000?cb=20240204152039'),
(111, '67 Shelby GT500', 'R0916', 33, 8, 5, '', '2010 New Models', 1, 22, 'https://static.wikia.nocookie.net/hotwheels/images/a/af/67shelbyGT500_green.JPG/revision/latest?cb=20091212090733'),
(112, '67 Shelby GT500', 'HYY93', 1, 11, 2, '', '', 1, 22, 'https://static.wikia.nocookie.net/hotwheels/images/0/0b/1967GT500.jpg/revision/latest/scale-to-width-down/1000?cb=20250224122900'),
(113, '67 Shelby GT-500', 'FYF19', 3, 3, 2, ' ', '', 0, 3, 'https://static.wikia.nocookie.net/hotwheels/images/4/4f/2130.JPG/revision/latest/scale-to-width-down/1000?cb=20190908054309'),
(114, '67 Shelby GT-500', 'V5417', 1, 10, 2, ' ', '', 0, 3, 'https://static.wikia.nocookie.net/hotwheels/images/3/35/67_shelby_gt-500_2012_white.png/revision/latest/scale-to-width-down/1000?cb=20120630152703'),
(115, '68 Chevy Nova', 'M6894', 3, 17, 30, '', '', 0, 2, ''),
(116, '68 Copo Camaro', 'V5405', 33, 10, 2, '', '', 0, 2, 'https://static.wikia.nocookie.net/hotwheels/images/e/e1/2012-MMGM-68COPOCamaro-Green.jpg/revision/latest/scale-to-width-down/1000?cb=20120622203203'),
(117, '68 Corvette - Gas Monkey Garage', 'HYY74', 12, 11, 2, '', '', 1, 10, 'https://www.jatekshop.eu/upload_files/products/mattel-hw-68-corvette-k05252.jpg'),
(118, '68 Dodge Dart', 'HTC57', 1, 12, 2, ' ', '', 1, 7, 'https://static.wikia.nocookie.net/hotwheels/images/9/9f/HTC57-LOOSE.jpg/revision/latest/scale-to-width-down/1000?cb=20240512233936'),
(119, '68 Dodge Dart', 'HTD65', 3, 12, 2, '', '', 1, 7, 'https://static.wikia.nocookie.net/hotwheels/images/c/cb/HTD65.jpg/revision/latest/scale-to-width-down/1000?cb=20240928083640'),
(120, '68 Dodge Dart', 'HYY70', 38, 11, 2, '', '', 1, 7, 'https://static.wikia.nocookie.net/hotwheels/images/4/4d/1968DodgeDart.jpg/revision/latest/scale-to-width-down/1000?cb=20250120090333'),
(121, '68 Lotus Type 49', 'HYX18', 3, 11, 2, 'Error', '', 1, 23, 'https://static.wikia.nocookie.net/hotwheels/images/f/f9/GoldLeafLotus.jpg/revision/latest/scale-to-width-down/1000?cb=20250416124328'),
(122, '68 Lotus Type 49', 'HYX18', 3, 11, 2, 'Nem Error', '', 1, 23, 'https://static.wikia.nocookie.net/hotwheels/images/f/f9/GoldLeafLotus.jpg/revision/latest/scale-to-width-down/1000?cb=20250416124328'),
(123, '68 Mercury Cougar', 'BDD08', 1, 2, 2, '', 'Első', 0, 16, 'https://static.wikia.nocookie.net/hotwheels/images/a/a1/BDD08-01.JPG/revision/latest/scale-to-width-down/1000?cb=20200602104001'),
(124, '68 Mercury Cougar', 'CFM15', 11, 9, 2, '', '', 0, 16, 'https://static.wikia.nocookie.net/hotwheels/images/d/db/CFM15-01.JPG/revision/latest/scale-to-width-down/1000?cb=20200602105653'),
(125, '68 Mustang', 'K6173', 14, 16, 31, ' ', '', 0, 24, ''),
(126, '69 Corvette Racer', 'HYX01', 1, 11, 2, '', '', 1, 4, ''),
(127, '69 Dodge Charger', 'P2401', 9, 23, 32, 'Nyitható Motorháztető', '', 0, 2, ''),
(128, '69 Ford Mustang Boss 302', 'HFV92', 3, 1, 21, ' ', '', 0, 3, 'https://static.wikia.nocookie.net/hotwheels/images/2/2f/69_Ford_Mustang_Boss_302.jpg/revision/latest/scale-to-width-down/1000?cb=20230322094238'),
(129, '69 Ford Mustang Boss 302', 'HKJ48', 4, 4, 2, ' ', '', 1, 3, 'https://static.wikia.nocookie.net/hotwheels/images/4/4b/2023_%2769_Ford_Mustang_Boss_302.jpg/revision/latest/scale-to-width-down/1000?cb=20250505014348'),
(130, '69 Ford Mustang Boss 302', 'HYP71', 1, 12, 33, ' ', 'Premium', 0, 3, 'https://static.wikia.nocookie.net/hotwheels/images/d/d1/FordBoss302.jpg/revision/latest/scale-to-width-down/1000?cb=20240215151224'),
(131, '69 Ford Mustang Boss 302', 'CFH41', 11, 9, 2, '', '', 0, 3, 'https://static.wikia.nocookie.net/hotwheels/images/d/d1/69_Mustang_Boss_302_-_2015_Speed_Team.JPG/revision/latest?cb=20150306182824'),
(132, '69 Ford Mustang Boss 302', 'GHD06', 14, 15, 2, ' ', '', 0, 3, 'https://static.wikia.nocookie.net/hotwheels/images/b/b0/GHD06-01.JPG/revision/latest/scale-to-width-down/1000?cb=20200622015716'),
(133, '69 Ford Mustang Boss 302', 'HVW84', 2, 12, 34, '', '', 0, 3, 'https://static.wikia.nocookie.net/hotwheels/images/b/b2/Mystery_Models_Series_2024_2_-_69_Ford_Mustang_Boss_302_HVW45.jpg/revision/latest/scale-to-width-down/1000?cb=20240627091941'),
(134, '69 Ford Mustang Boss 302', 'JBY51', 39, 11, 9, ' ', 'Silver Series', 1, 3, 'https://static.wikia.nocookie.net/hotwheels/images/3/35/Mustang_60_Years_2025_%2769_Ford_Mustang_Boss_302_Calypso_Corral_Thailand_JBY51.jpg/revision/latest/scale-to-width-down/1000?cb=20241217195720'),
(135, '69 Mercury Cougar Eliminator', 'BFD98', 40, 2, 2, '', '', 0, 16, 'https://static.wikia.nocookie.net/hotwheels/images/8/82/%2769_Mercury_Cougar_Eliminator-2014_219.jpg/revision/latest?cb=20140518173054'),
(136, '69 Mercury Cougar Eliminator', 'FKT64', 7, 7, 35, '', '', 0, 16, 'https://static.wikia.nocookie.net/hotwheels/images/f/fc/FKT64_69_Mercury_Cougar_Eliminator_-1.jpg/revision/latest/scale-to-width-down/1000?cb=20190619131428'),
(137, '69 Mercury Cyclone', 'HYY61', 3, 11, 2, '', '', 1, 25, 'https://static.wikia.nocookie.net/hotwheels/images/5/54/1969Cyclone.jpg/revision/latest/scale-to-width-down/1000?cb=20250224122937'),
(138, '70 Dodge Charger', 'HTD86', 8, 12, 2, '', '', 1, 23, ''),
(139, '70 Dodge Hemi Challenger', 'HYY96', 10, 11, 2, '', '', 1, 2, 'https://static.wikia.nocookie.net/hotwheels/images/9/91/1970Challenger.jpg/revision/latest/scale-to-width-down/1000?cb=20250416123443'),
(140, '70 Dodge Power Wagon', 'HYX26', 12, 11, 2, '', '', 1, 2, 'https://http2.mlstatic.com/D_NQ_NP_993340-MLM82996846915_032025-O.webp'),
(141, '70 Ford Escort RS 1600', 'DHP97', 3, 13, 2, '', '', 1, 23, ''),
(142, '70 Ford Escort RS 1600', 'JBY60', 7, 11, 36, '', '', 1, 23, 'https://static.wikia.nocookie.net/hotwheels/images/1/14/Ultra_Hots_2025_Mix_1_%2770_Ford_Escort_RS1600_Yellow_Malaysia_JBY60.jpg/revision/latest/scale-to-width-down/1000?cb=20241218214948'),
(143, '70 Mustang Mach 1', 'K6173', 9, 16, 31, ' ', '', 0, 2, ''),
(144, '70 Plymouth Barracuda', 'R0968', 3, 8, 37, '', '', 0, 25, 'https://static.wikia.nocookie.net/hotwheels/images/4/4a/%2770_Plymouth_Superbird_-_2012_Muscle_Mania-Mopar_-08_-_Green.JPG/revision/latest?cb=20200726170235'),
(145, '70 Plymouth Superbird', 'V5627', 41, 10, 2, '', '', 0, 2, 'https://static.wikia.nocookie.net/hotwheels/images/d/d5/009-044.1.jpg/revision/latest/scale-to-width-down/1000?cb=20220505215742'),
(146, '70 Pontiac GTO', 'X6999', 42, 9, 4, '', '', 0, 3, ''),
(147, '70 Pontiac GTO Judge', 'T9947', 43, 5, 5, '', '2011 New Models', 1, 3, ''),
(148, '71 Datsun 510', 'FYD14', 3, 3, 2, '', '', 1, 3, 'https://static.wikia.nocookie.net/hotwheels/images/e/e2/Datsun_510._Momo2.JPG/revision/latest/scale-to-width-down/1000?cb=20181223044201'),
(149, '71 Datsun Bluebird 510 Wagon', 'BFD77', 3, 2, 2, ' ', '', 0, 3, 'https://static.wikia.nocookie.net/hotwheels/images/3/3b/IMG_3572-0.jpg/revision/latest/scale-to-width-down/1000?cb=20180310064111'),
(150, '71 Dodge Challenger', 'HYY79', 11, 11, 2, '', '', 1, 2, 'https://www.jatekshop.eu/upload_files/products/mattel-hwdodge-challenger-k05246.jpg'),
(151, '71 Ford Mustang Mach 1', 'JBY52', 41, 11, 9, ' ', 'Silver Series', 1, 7, 'https://static.wikia.nocookie.net/hotwheels/images/1/1b/Mustang_60_Years_2025_%2771_Ford_Mustang_Mach_I_Grabber_Lime_Thailand_JBY52.jpg/revision/latest/scale-to-width-down/1000?cb=20241217195859'),
(152, '71 Lamborghini Miura SV', 'HYX22', 3, 11, 2, '', '', 1, 2, ''),
(153, '71 Maverick Grabber', 'X6999', 12, 2, 38, ' ', '', 0, 2, 'https://static.wikia.nocookie.net/hotwheels/images/5/50/71_Maverick_Grabber01.jpg/revision/latest/scale-to-width-down/1000?cb=20210322152138'),
(154, '71 Maverick Grabber', 'GHP60', 7, 15, 39, '', '', 0, 2, 'https://static.wikia.nocookie.net/hotwheels/images/0/0a/Green_multipack_2014.jpg/revision/latest/scale-to-width-down/1000?cb=20240204075719'),
(155, '71 Mustang Funny Car', 'FYC43', 10, 3, 2, ' ', '', 0, 7, 'https://static.wikia.nocookie.net/hotwheels/images/b/b0/%2771_Mustang_Funny_Car._FYC43._HW_Flames.JPG/revision/latest/scale-to-width-down/1000?cb=20181204060030'),
(156, '71 Mustang Funny Car', 'JBB04', 3, 11, 2, '', '', 1, 7, 'https://static.wikia.nocookie.net/hotwheels/images/3/3d/FordFunnyCar.jpg/revision/latest/scale-to-width-down/1000?cb=20250416123755'),
(157, '71 Mustang Mach 1', 'HFV92', 6, 1, 21, ' ', '', 0, 7, 'https://static.wikia.nocookie.net/hotwheels/images/9/91/19-HFV92-2022.jpg/revision/latest/scale-to-width-down/1000?cb=20230310220741'),
(158, '71 Mustang Mach 1', 'CGB73', 3, 9, 40, ' ', '', 0, 7, 'https://static.wikia.nocookie.net/hotwheels/images/2/2e/71mustang-jamesbond2015-hw.jpg/revision/latest/scale-to-width-down/1000?cb=20150909141440'),
(159, '71 Mustang Mach 1', 'BFD84', 19, 2, 2, '', '', 0, 7, 'https://static.wikia.nocookie.net/hotwheels/images/5/5d/%2771_Mustang_Mach_I-2014_094.jpg/revision/latest?cb=20140112111114'),
(160, '70 Pontiac GTO Judge', 'V0013', 2, 5, 5, '', '2011 New Models', 1, 3, ''),
(161, '71 Porsche 911', 'FKB02', 1, 7, 2, '', 'Első', 0, 10, 'https://static.wikia.nocookie.net/hotwheels/images/c/cf/71Porsche911_%281%29.JPG/revision/latest/scale-to-width-down/1000?cb=20180218004938'),
(162, '71 Porsche 911', 'HKH06', 1, 4, 2, '', '', 1, 10, 'https://static.wikia.nocookie.net/hotwheels/images/d/dd/%2771_Porsche_911._Polizei_%282018%29.Birdseye.jpg/revision/latest?cb=20190217010322'),
(163, '73 Pontiac Firebird', 'V5588', 44, 10, 5, '', '2012 New Models', 0, 5, 'https://static.wikia.nocookie.net/hotwheels/images/e/e9/2012-73PontiacFirebird-Red.jpg/revision/latest?cb=20120318234028'),
(164, '74 Brazilian Dodge Charger', 'HYX20', 1, 11, 2, '', '', 1, 2, 'https://img.jofogas.hu/767x575crop/Hot_Wheels___74_Brazilian_Dodge_Charger_984162600900997.jpg'),
(165, '75 Chevy Blazer Custom', 'JBB19', 14, 11, 2, '', '', 1, 4, 'https://i.ebayimg.com/images/g/LqsAAOSwYzBnpDiq/s-l400.jpg'),
(166, '76 Chevy Chevette', 'HYX43', 7, 11, 2, '', '', 1, 5, ''),
(167, '80 El Camino', 'GRY33', 3, 6, 2, ' ', '', 1, 3, 'https://static.wikia.nocookie.net/hotwheels/images/c/c7/80ElCamino.2021ArtCars.Red1.jpg/revision/latest/scale-to-width-down/1000?cb=20201219184550'),
(168, '80 El Camino', 'HYW94', 9, 11, 2, '', '', 1, 3, 'https://static.wikia.nocookie.net/hotwheels/images/d/db/Mainline_2025_%2780_El_Camino_MF_Red_Malaysia_HYW94.jpg/revision/latest/scale-to-width-down/1000?cb=20250108222702'),
(169, '82 Nissan Skyline R30', 'FJV44', 3, 7, 2, '', '', 0, 10, 'https://static.wikia.nocookie.net/hotwheels/images/a/a4/82NissanSkylineR30Red.JPG/revision/latest/scale-to-width-down/1000?cb=20180916030859'),
(170, '83 Chevy Silverado', 'HTC73', 2, 12, 2, '', '', 1, 3, 'https://static.wikia.nocookie.net/hotwheels/images/7/78/1983Silverado.jpg/revision/latest/scale-to-width-down/1000?cb=20250224122810'),
(171, '83 Chevy Silverado', 'HYY91', 45, 11, 2, '', '', 1, 3, ''),
(172, '84 Ford Mustang SVO', 'JBY50', 1, 11, 9, ' ', 'Silver Series', 1, 3, 'https://static.wikia.nocookie.net/hotwheels/images/f/ff/Mustang_60_Years_2025_%2784_Ford_Mustang_SVO_Oxford_White_Thailand_JBY50.jpg/revision/latest/scale-to-width-down/1000?cb=20241217195538'),
(173, '85 Honda City Turbo II', 'JBC25', 34, 11, 25, '', '', 1, 10, 'https://static.wikia.nocookie.net/hotwheels/images/5/58/1985HondaCity.jpg/revision/latest/scale-to-width-down/1000?cb=20250120090624'),
(174, '86 Monte Carlo SS', 'GHD09', 12, 15, 2, ' ', '', 0, 3, 'https://static.wikia.nocookie.net/hotwheels/images/3/37/GHD09-01.JPG/revision/latest/scale-to-width-down/1000?cb=20200531065000'),
(175, '86 Monte Carlo SS', 'GHG07', 1, 15, 2, '', '', 0, 3, 'https://static.wikia.nocookie.net/hotwheels/images/d/d7/86_Monte_Carlo_White_20.jpg/revision/latest/scale-to-width-down/1000?cb=20201030085352'),
(176, '87 Audi Quattro', 'HTD24', 14, 12, 2, '', '', 1, 23, ''),
(177, '87 Audi Quattro', 'HYW72', 46, 11, 2, '', '', 1, 23, 'https://static.wikia.nocookie.net/hotwheels/images/f/fd/87_Audi_quattro_Teal.jpg/revision/latest/scale-to-width-down/1000?cb=20240911140329'),
(178, '87 Ford Sierra Cosworth', 'JBJ87', 1, 11, 8, '', '', 1, 10, 'https://static.wikia.nocookie.net/hotwheels/images/1/1f/20241218233241.jpg/revision/latest/scale-to-width-down/1000?cb=20241219053455'),
(179, '89 Porsche 944 Turbo', 'GRY56', 30, 6, 2, ' ', '', 0, 10, 'https://static.wikia.nocookie.net/hotwheels/images/5/56/944.2021HWTurbo.UrbanOutlaw1.jpg/revision/latest/scale-to-width-down/1000?cb=20201219182642'),
(180, '90 Acura NSX', 'HTF02', 1, 12, 2, '', '', 1, 10, ''),
(181, '90 Honda Civic EF', 'HYW81', 2, 11, 2, '', '', 1, 10, ''),
(182, '91 GMC Syclone', 'HYY60', 47, 11, 2, '', '', 1, 5, 'https://static.wikia.nocookie.net/hotwheels/images/4/4b/1991GMCSyclone.jpg/revision/latest/scale-to-width-down/1000?cb=20250111111013'),
(183, '91 Mazda MX-5 Miata', 'HTD80', 23, 12, 2, '', '', 1, 10, ''),
(184, '91 Mazda MX-5 Miata', 'GHC71', 7, 15, 2, '', '', 0, 10, 'https://static.wikia.nocookie.net/hotwheels/images/9/94/GHC71-01.JPG/revision/latest/scale-to-width-down/1000?cb=20200630125318'),
(185, '92 Dodge Viper RT/10', 'HTC24', 7, 12, 2, '', '', 1, 23, ''),
(186, '92 Ford Mustang', 'GHF95', 48, 15, 2, ' ', '', 0, 3, ''),
(187, '92 Ford Mustang', 'HFV92', 1, 1, 21, ' ', '', 0, 3, 'https://static.wikia.nocookie.net/hotwheels/images/e/e2/92_Ford_Mustang_2022_front.jpg/revision/latest/scale-to-width-down/1000?cb=20230322082338'),
(188, '92 Ford Mustang', 'HTB05', 3, 12, 2, ' ', '', 1, 3, 'https://static.wikia.nocookie.net/hotwheels/images/2/2b/HTB05loose.jpg/revision/latest/scale-to-width-down/1000?cb=20240831105531'),
(189, '92 Ford Mustang', 'HYY68', 14, 11, 2, '', '', 1, 3, 'https://static.wikia.nocookie.net/hotwheels/images/4/43/GHF95-01.JPG/revision/latest/scale-to-width-down/1000?cb=20200622012913'),
(190, '92 Honda Civic EG', 'JCB56', 14, 11, 41, ' ', 'Silver Series', 1, 10, 'https://static.wikia.nocookie.net/hotwheels/images/b/b1/%2790s_Street_Scene_2025_%2792_Honda_Civic_EG_Black_Malaysia_JCB56.jpg/revision/latest/scale-to-width-down/1000?cb=20241110221328'),
(191, '94 Audi Avant RS2', 'HYX60', 1, 11, 2, '', '', 1, 10, 'https://static.wikia.nocookie.net/hotwheels/images/1/1c/1994AudiRS2.jpg/revision/latest/scale-to-width-down/1000?cb=20250120090139'),
(192, '94 Audi Avant RS2', 'HYW82', 49, 11, 2, '', '', 1, 10, 'https://static.wikia.nocookie.net/hotwheels/images/a/a5/2025_94_Audi_Avant_RS2.jpg/revision/latest/scale-to-width-down/1000?cb=20241012141614'),
(193, '94 Toyota Supra (Tooned)', 'HTF27', 50, 12, 2, ' ', '', 1, 23, 'https://static.wikia.nocookie.net/hotwheels/images/5/5a/%27ToonedToyotaSupra.jpg/revision/latest/scale-to-width-down/1000?cb=20230512080526'),
(194, '94 Toyota Supra (Tooned)', 'HTF27', 50, 11, 2, 'Error', '', 1, 23, 'https://static.wikia.nocookie.net/hotwheels/images/1/10/%27ToonedSlapJackSupra.jpg/revision/latest/scale-to-width-down/1000?cb=20240825130452'),
(195, '95 Mazda RX-7', 'HTD97', 2, 12, 2, '', '', 1, 3, 'https://img.jofogas.hu/hdimages/Hot_Wheels__95_Mazda_RX_7_2024_196412570499772.jpg'),
(196, '95 Mazda RX-7 Drift', 'HYY95', 7, 11, 2, '', '', 1, 2, 'https://static.wikia.nocookie.net/hotwheels/images/a/a7/1995MazdaDrift.jpg/revision/latest/scale-to-width-down/1000?cb=20250416123427'),
(197, '95 Toyota Celica GT-Four', 'JCB60', 30, 11, 41, ' ', 'Silver Series', 1, 4, 'https://static.wikia.nocookie.net/hotwheels/images/4/41/%2790s_Street_Scene_2025_%2795_Toyota_Celica_GT-Four_Silver_Malaysia_JCB60.jpg/revision/latest/scale-to-width-down/1000?cb=20241110221900'),
(198, '96 Dodge Viper GTS', 'HYW50', 2, 11, 2, '', '', 1, 26, 'https://static.wikia.nocookie.net/hotwheels/images/5/52/DodgeViperGTS.jpg/revision/latest/scale-to-width-down/1000?cb=20250416124551'),
(199, '96 Nissan 180SX Type X', 'HTB08', 51, 12, 2, '', '', 1, 6, ''),
(200, '96 Nissan 180SX Type X', 'JCB57', 1, 11, 41, ' ', 'Silver Series', 1, 6, 'https://static.wikia.nocookie.net/hotwheels/images/e/e5/%2796_Nissan_180SX_Type_X_Carded.jpg/revision/latest/scale-to-width-down/1000?cb=20241111210202'),
(201, '96 Porsche Carrera', 'GRY11', 1, 6, 2, ' ', '', 1, 10, 'https://static.wikia.nocookie.net/hotwheels/images/0/0a/GRY11-01.JPG/revision/latest/scale-to-width-down/1000?cb=20210313052301'),
(202, '96 Porsche Carrera', 'HTB03', 52, 12, 2, ' ', '', 1, 10, 'https://static.wikia.nocookie.net/hotwheels/images/0/00/1996PorscheCarrera.jpg/revision/latest/scale-to-width-down/1000?cb=20240606130610'),
(203, '96 Porsche Carrera', 'HTF01', 1, 12, 2, '', '', 1, 10, 'https://static.wikia.nocookie.net/hotwheels/images/9/96/HTF01.jpg/revision/latest/scale-to-width-down/1000?cb=20250127145550'),
(204, '98 Subaru Impreza 22B-Sti Version', 'HTB12', 53, 12, 2, '', '', 1, 10, ''),
(205, '99 Ford F-150 SVT Lightning', 'HYW37', 14, 11, 2, '', '', 1, 10, ''),
(206, 'Alfa Romeo Giulia Sprint GTA', 'HKD29', 11, 4, 42, '', 'Premium', 1, 4, 'https://static.wikia.nocookie.net/hotwheels/images/2/27/Alfa_Romeo_Giulia_Sprint_GTA_1962_%281a%29_FF_RR_-_HotWheels.jpg/revision/latest/scale-to-width-down/1000?cb=20231023140848'),
(207, 'Aston Martin DB10', 'DVB08', 30, 14, 2, '', '', 0, 23, 'https://static.wikia.nocookie.net/hotwheels/images/b/b5/Aston_Martin_DB10_2017.png/revision/latest?cb=20170113231736'),
(208, 'Aston Martin DB4GT High-Speed Edition', 'HRY86', 36, 12, 2, ' ', '', 1, 27, ''),
(209, 'Aston Martin DB4GT High-Speed Edition', 'HYY52', 7, 11, 2, '', '', 1, 27, 'https://verdaborze.hu/img/71949/VB767059/VB767059.jpg'),
(210, 'Aston Martin DBS', 'DVF95', 37, 14, 43, '', '', 0, 12, ''),
(211, 'Aston Martin ONE-77', 'FJY01', 12, 7, 2, 'Amerikai Kártya (Guaranteed For Life)', '', 1, 2, ''),
(212, 'Aston Martin V8 Vantage', 'R8482', 12, 8, 44, ' ', 'Speed Machines', 1, 4, ''),
(213, 'Aston Martin V8 Vantage', 'M6916', 54, 17, 45, ' ', '', 0, 4, ''),
(214, 'Aston Martin Vanquish', 'JBL55', 30, 11, 46, 'Die Another Day', 'Premium', 1, 11, 'https://static.wikia.nocookie.net/hotwheels/images/3/3d/JBL55.jpg/revision/latest/scale-to-width-down/1000?cb=20241210121313'),
(215, 'Audi RS 6 Avant', 'JBK51', 1, 11, 47, '', 'Premium', 0, 11, 'https://static.wikia.nocookie.net/hotwheels/images/0/0c/AudiRS6AvantGT.jpg/revision/latest/scale-to-width-down/1000?cb=20250414080343'),
(216, 'Back Biter / Back Biter', '7578', 55, 24, 48, 'Hiányos', '', 0, 7, 'https://static.wikia.nocookie.net/hotwheels/images/6/69/Backbiter_maroon.jpg/revision/latest?cb=20101201210906'),
(217, 'Bad Bagger', 'HRR90', 2, 12, 49, ' ', 'Silver Series', 1, 7, 'https://static.wikia.nocookie.net/hotwheels/images/8/86/Hot_Wheels_Motorcycle_Club_2024_Bad_Bagger_Blue_Malaysia_HRR90.jpg/revision/latest/scale-to-width-down/1000?cb=20240705003142'),
(218, 'Baja Breaker', 'BHR18', 22, 2, 19, ' ', '', 0, 7, ''),
(219, 'Bigfoot (2020)', 'JCF13', 2, 11, 50, '', '', 1, 17, 'https://i.ebayimg.com/images/g/WMQAAeSwwBRnrxPa/s-l960.webp'),
(220, 'Birthday Burner', 'HTD83', 56, 12, 2, '', '', 1, 27, 'https://static.wikia.nocookie.net/hotwheels/images/f/f9/2024_Birthday_Burner.jpg/revision/latest/scale-to-width-down/1000?cb=20241208093437'),
(221, 'Birthday Burner', 'JBC26', 1, 11, 25, '', '', 1, 27, 'https://static.wikia.nocookie.net/hotwheels/images/9/9f/TreasureBurner.jpg/revision/latest/scale-to-width-down/1000?cb=20250224122255'),
(222, 'BMW 2002', 'V5601', 1, 10, 5, ' ', '2012 New Models', 1, 3, 'https://static.wikia.nocookie.net/hotwheels/images/8/8b/321.jpg/revision/latest/scale-to-width-down/1000?cb=20181122212125'),
(223, 'BMW 2002', 'V5309', 11, 10, 5, '', '2012 New Models', 0, 3, 'https://static.wikia.nocookie.net/hotwheels/images/2/27/2012-BMW2002-Orange.jpg/revision/latest?cb=20120223220714'),
(224, 'BMW 2002', 'DHR80', 14, 13, 2, '', '', 0, 3, 'https://static.wikia.nocookie.net/hotwheels/images/d/dc/DHR80-03.JPG/revision/latest/scale-to-width-down/1000?cb=20220714022038'),
(225, 'BMW 2002', 'HYX21', 57, 11, 2, '', '', 1, 3, 'https://static.wikia.nocookie.net/hotwheels/images/3/3f/1969BMW2002.jpg/revision/latest/scale-to-width-down/1000?cb=20250120090156'),
(226, 'BMW 2002', 'X1782', 33, 18, 2, '', '', 0, 3, 'https://static.wikia.nocookie.net/hotwheels/images/6/63/2012-154-HWShowroom-BMW2002-Green.jpg/revision/latest/scale-to-width-down/1000?cb=20121014195949'),
(227, 'BMW E36 M3 Race', 'BDD07', 1, 2, 2, ' ', '', 0, 16, 'https://static.wikia.nocookie.net/hotwheels/images/c/c9/BMW_E36_M3_%28BDD07%29_01.jpg/revision/latest/scale-to-width-down/1000?cb=20170906003907'),
(228, 'BMW E36 M3 Race', 'DJM82', 11, 13, 51, '', '', 0, 16, 'https://static.wikia.nocookie.net/hotwheels/images/2/2b/BMW_E36_M3_Race_%28DJM82%29.jpg/revision/latest/scale-to-width-down/1000?cb=20170916001034'),
(229, 'BMW K 1300 R', 'HRR91', 3, 12, 49, ' ', 'Silver Series', 1, 17, 'https://static.wikia.nocookie.net/hotwheels/images/b/bc/Hot_Wheels_Motorcycle_Club_2024_BMW_K_1300_R_Red_Malaysia_HRR91.jpg/revision/latest/scale-to-width-down/1000?cb=20240630111021'),
(230, 'BMW M3', 'DJM87', 30, 13, 51, ' ', '', 1, 17, 'https://static.wikia.nocookie.net/hotwheels/images/2/2f/10-BMW-M3-e.jpg/revision/latest/scale-to-width-down/1000?cb=20180308082822'),
(231, 'BMW M3', 'FKT59', 1, 7, 52, '', '', 0, 17, 'https://static.wikia.nocookie.net/hotwheels/images/5/59/BMW.M3.jpg/revision/latest/scale-to-width-down/1000?cb=20180502235858'),
(232, 'BMW M3 GT2', 'GRX89', 3, 6, 2, ' ', '', 0, 23, 'https://static.wikia.nocookie.net/hotwheels/images/6/6d/GRX89-01.JPG/revision/latest/scale-to-width-down/1000?cb=20201212054604'),
(233, 'BMW M3 GT2', 'V5561', 14, 10, 2, ' ', '', 0, 23, 'https://static.wikia.nocookie.net/hotwheels/images/b/b4/Hw_bmw-m3gt2_2012b.jpg/revision/latest?cb=20180308085313'),
(234, 'BMW M3 GT2', 'GTC82', 1, 6, 2, '', '', 0, 23, 'https://static.wikia.nocookie.net/hotwheels/images/7/7d/GTC82_-_BMW_M3_GT2-1.JPG/revision/latest/scale-to-width-down/1000?cb=20211122051428'),
(235, 'BMW R nineT Racer', 'HRR92', 7, 12, 49, ' ', 'Silver Series', 1, 14, 'https://static.wikia.nocookie.net/hotwheels/images/e/ef/Hot_Wheels_Motorcycle_Club_2024_BMW_R_NineT_Racer_Yellow_Malaysia_HRR92.jpg/revision/latest/scale-to-width-down/1000?cb=20240705003420'),
(236, 'Bone Shaker', 'K5904', 10, 3, 4, '', '', 0, 7, 'https://static.wikia.nocookie.net/hotwheels/images/e/e6/K5904_-_Bone_Shaker-1-2.jpg/revision/latest/scale-to-width-down/1000?cb=20200427171012'),
(237, 'Bugatti Bolide', 'HTF08', 3, 12, 2, '', '', 1, 9, ''),
(238, 'Bugatti Veyron', 'R7585', 58, 8, 2, '', '', 0, 4, 'https://static.wikia.nocookie.net/hotwheels/images/1/1b/HotAuctionBugatti.jpg/revision/latest/scale-to-width-down/1000?cb=20210929130407'),
(239, 'Bugatti Veyron', 'JBY43', 1, 11, 17, '', '', 1, 9, 'https://static.wikia.nocookie.net/hotwheels/images/2/2d/JBY43.jpg/revision/latest/scale-to-width-down/1000?cb=20250619115135'),
(240, 'Bumblebee', 'HTF09', 19, 12, 2, '', '', 1, 7, ''),
(241, 'BWT Alpine F1 Team', 'JGF58', 14, 11, 53, '', '', 1, 27, 'https://static.wikia.nocookie.net/hotwheels/images/a/a2/JBJ78-bwt_web.jpg/revision/latest/scale-to-width-down/1000?cb=20250318110513'),
(242, 'C6 Corvette', 'DTX51', 14, 14, 2, '', '', 0, 18, 'https://static.wikia.nocookie.net/hotwheels/images/e/e4/C6_Corvette_2017.png/revision/latest?cb=20170115102616'),
(243, 'Cadillac LMP', 'T8642', 14, 5, 54, '', '', 0, 4, 'https://static.wikia.nocookie.net/hotwheels/images/8/8f/Cadillac_LMP_black_4.jpg/revision/latest/scale-to-width-down/1000?cb=20190320185548'),
(244, 'Cadillac Project GTP Hypercar', 'HTD35', 17, 12, 2, '', '', 1, 23, ''),
(245, 'Cadillac Project GTP Hypercar', 'HYX40', 7, 11, 2, '', '', 1, 23, ''),
(246, 'Cannonade', '1691', 3, 25, 55, 'Nyitható Fülke', '', 0, 7, ''),
(247, 'Carbonator', 'FYD65', 59, 3, 2, '', '', 0, 5, 'https://static.wikia.nocookie.net/hotwheels/images/6/60/2019_Carbonator_blue_yellow.jpg/revision/latest/scale-to-width-down/1000?cb=20190304201034'),
(248, 'CAT Bulldozer', '1172', 7, 26, 56, '', '', 0, 7, 'https://static.wikia.nocookie.net/hotwheels/images/f/fd/CAT_Bulldozer_-_3188ef.jpg/revision/latest/scale-to-width-down/1000?cb=20080926141732'),
(249, 'Chevy 1500', '18828', 8, 27, 57, ' ', '', 0, 7, 'https://static.wikia.nocookie.net/hotwheels/images/e/e9/Chevy_1500_Gry.JPG/revision/latest?cb=20090331031532'),
(250, 'Chevy Blazer 4x4', 'HYX25', 1, 11, 2, '', '', 1, 7, ''),
(251, 'Chevy Camaro Concept', 'W2638/Y5185', 60, 28, 58, ' ', '', 0, 2, ''),
(252, 'Chevy El Camino', 'HYY83', 5, 11, 2, '', '', 1, 9, 'https://static.wikia.nocookie.net/hotwheels/images/7/73/%2767ElCamino.jpg/revision/latest/scale-to-width-down/1000?cb=20250224122540'),
(253, 'Chevy Nomad', 'P2445', 11, 23, 2, '', '', 0, 28, 'https://static.wikia.nocookie.net/hotwheels/images/a/ae/Classic_Nomad_2009_-_0589df.jpg/revision/latest?cb=20090713234323'),
(254, 'Chevy Super Volt', 'HYY99', 61, 11, 2, '', '', 1, 10, 'https://static.wikia.nocookie.net/hotwheels/images/c/c6/ChevyVolt.jpg/revision/latest/scale-to-width-down/1000?cb=20250107132956'),
(255, 'Chrysler 300C Hemi', 'DJD30', 3, 9, 8, '', '', 0, 2, 'https://static.wikia.nocookie.net/hotwheels/images/4/4c/Chrysler_300C_HEMI_-_16_Night_Burnerz_5PK_600pxOTD.jpg/revision/latest?cb=20160929065156'),
(256, 'Chrysler Firepower Concept', 'J3255', 62, 22, 59, '', '2006 First Editions', 0, 3, ''),
(257, 'Cone Shaker', 'HYW35', 11, 11, 2, '', '', 1, 29, 'https://static.wikia.nocookie.net/hotwheels/images/4/47/ConeShaker.jpg/revision/latest/scale-to-width-down/1000?cb=20250414072246'),
(258, 'Cone Shaker', 'HYW35', 11, 11, 2, '', '', 1, 29, 'https://static.wikia.nocookie.net/hotwheels/images/4/47/ConeShaker.jpg/revision/latest/scale-to-width-down/1000?cb=20250414072246'),
(259, 'Cone Shaker', 'HYW35', 11, 11, 2, 'U09N', '', 0, 29, 'https://static.wikia.nocookie.net/hotwheels/images/4/47/ConeShaker.jpg/revision/latest/scale-to-width-down/1000?cb=20250414072246'),
(260, 'Cone Shaker', 'HYW35', 11, 11, 2, 'U07N', '', 0, 29, 'https://static.wikia.nocookie.net/hotwheels/images/4/47/ConeShaker.jpg/revision/latest/scale-to-width-down/1000?cb=20250414072246'),
(261, 'Corvette C6R', 'FYL15', 8, 3, 3, '', '', 0, 3, 'https://static.wikia.nocookie.net/hotwheels/images/d/db/CorvetteC6R-5pk-Police-2019.jpg/revision/latest/scale-to-width-down/1000?cb=20191005211708'),
(262, 'Cupra e-Racer', 'HYW15', 63, 11, 2, '', '', 1, 26, ''),
(263, 'Custom 15 Ford Mustang', 'DHR25', 12, 13, 2, '', '', 0, 10, ''),
(264, 'Custom 15 Ford Mustang', 'GJV23', 12, 15, 60, ' ', '', 1, 10, ''),
(265, 'Custom 53 Cadillac', 'HYY78', 2, 11, 2, '', '', 1, 7, 'https://1stationhub.com.my/cdn/shop/files/HOTWHEELS_RODSQUAD_CUSTOM_53_CADILLAC_BLUE_1_1024x1024.jpg?v=1740234050'),
(266, 'Custom 53 Cadillac', 'K5904', 42, 10, 4, '', '', 0, 7, 'https://static.wikia.nocookie.net/hotwheels/images/9/90/Custom_%2753_Cadillac.2012_3-Pack.jpg/revision/latest/scale-to-width-down/1000?cb=20120608105031'),
(267, 'Custom 53 Chevy', 'HYW68', 46, 11, 2, '', '', 1, 7, ''),
(268, 'Custom 59 Cadillac', '52907', 56, 29, 59, '', '2002 First Editions', 0, 4, ''),
(269, 'Custom 62 Chevy', 'FKT64', 64, 7, 35, ' ', '', 0, 16, 'https://static.wikia.nocookie.net/hotwheels/images/b/be/Custom_62_Chevy%28side%29.18HWFlames.JPG/revision/latest?cb=20180811191028'),
(270, 'Custom 62 Chevy', 'DJD22', 12, 13, 35, '', '', 0, 16, 'https://static.wikia.nocookie.net/hotwheels/images/c/cb/Custom-62-chevy-16-hw-flames-5pk-600pxdm.jpg/revision/latest?cb=20160428182204'),
(271, 'Custom 62 Chevy', 'L9928', 65, 17, 5, '', '2008 New Models', 0, 16, 'https://static.wikia.nocookie.net/hotwheels/images/9/9d/Custom_%2762_Chevy_-_5485cf.jpg/revision/latest/scale-to-width-down/1000?cb=20090616044014'),
(272, 'Custom 69 Chevy Pickup', 'X6999', 8, 11, 4, '', '', 1, 2, 'https://static.wikia.nocookie.net/hotwheels/images/6/6c/CovinaPickup.jpg/revision/latest/scale-to-width-down/1000?cb=20240308074324'),
(273, 'Custom 70 Honda N600', 'GRX33', 66, 6, 2, ' ', '', 0, 10, 'https://static.wikia.nocookie.net/hotwheels/images/1/1c/2021NM32_%28Large%29.JPG/revision/latest/scale-to-width-down/1000?cb=20210605043129'),
(274, 'Custom 70 Honda N600', 'HVW99', 20, 12, 61, ' ', '', 1, 10, 'https://static.wikia.nocookie.net/hotwheels/images/3/39/56th_Anniversary_2024_Custom_%2770_Honda_N600_Teal_Malaysia_HVW99.jpg/revision/latest/scale-to-width-down/1000?cb=20240514225212'),
(275, 'Custom 71 El Camino', 'GHC28', 8, 15, 2, '', '', 0, 23, 'https://static.wikia.nocookie.net/hotwheels/images/0/04/2020_Hot_Wheels_Custom_%2771_El_Camino_left.jpg/revision/latest?cb=20191102191600'),
(276, 'Custom 72 Chevy LUV', 'HTC33', 12, 12, 2, ' ', '', 1, 10, 'https://static.wikia.nocookie.net/hotwheels/images/3/33/Custom_%2772_Chevy_LUV._2018_HW_Hot_Trucks._Front.jpg/revision/latest/scale-to-width-down/1000?cb=20181112034644'),
(277, 'Custom 72 Chevy LUV', 'FYC59', 12, 3, 2, '', '', 0, 10, 'https://static.wikia.nocookie.net/hotwheels/images/5/57/HTC33-LOOSE.jpg/revision/latest/scale-to-width-down/1000?cb=20240329204952'),
(278, 'Custom 77 Dodge Van', 'N4433', 67, 17, 19, ' ', '', 0, 3, 'https://static.wikia.nocookie.net/hotwheels/images/3/37/S-l500.jpg/revision/latest?cb=20160716045326'),
(279, 'Custom 77 Dodge Van', 'FYD54', 68, 3, 2, '', '', 0, 3, 'https://static.wikia.nocookie.net/hotwheels/images/e/e4/1857.JPG/revision/latest/scale-to-width-down/1000?cb=20181029171316'),
(280, 'Custom Datsun 240Z', 'HRV10', 11, 12, 11, '', '', 1, 3, 'https://static.wikia.nocookie.net/hotwheels/images/7/7c/240z_bk_2015.JPG/revision/latest/scale-to-width-down/1000?cb=20150111082957'),
(281, 'Custom Datsun 240Z', 'X6999', 69, 11, 4, '3-as csomag', '', 1, 3, 'https://static.wikia.nocookie.net/hotwheels/images/6/6e/CustomDatsun240Z-2025.jpg/revision/latest/scale-to-width-down/1000?cb=20250109234445'),
(282, 'Custom Ford Maverick', 'HRV09', 14, 12, 11, '', '', 1, 3, ''),
(283, 'Custom KIA EV6', 'HYW22', 10, 11, 2, '', '', 1, 27, 'https://verdaborze.hu/img/71949/VB753900/VB753900.jpg'),
(284, 'Custom Mustang', '10496', 70, 30, 62, ' ', '', 1, 30, ''),
(285, 'Cyber Speeder', 'X6999', 7, 11, 4, '', '', 1, 10, 'https://static.wikia.nocookie.net/hotwheels/images/0/00/2025_Multipack_CyberSpeeder.jpg/revision/latest/scale-to-width-down/1000?cb=20250609122457'),
(286, 'Czinger 21C', 'JBB31', 11, 11, 2, '', '', 1, 15, 'https://static.wikia.nocookie.net/hotwheels/images/4/42/2024Czinger.jpg/revision/latest/scale-to-width-down/1000?cb=20250416124244'),
(287, 'Czinger 21C', 'JBB31', 11, 11, 2, '', '', 1, 15, 'https://static.wikia.nocookie.net/hotwheels/images/4/42/2024Czinger.jpg/revision/latest/scale-to-width-down/1000?cb=20250416124244'),
(288, 'Datsun 240Z', 'CFJ20', 14, 9, 2, ' ', '', 0, 2, ''),
(289, 'Datsun 240Z', 'JJB80', 45, 11, 2, '', '', 1, 2, 'https://static.wikia.nocookie.net/hotwheels/images/8/89/SakuraDatsun.jpg/revision/latest/scale-to-width-down/1000?cb=20250224122338'),
(290, 'Datsun 240Z', 'X1787', 1, 18, 2, '', '', 0, 2, 'https://static.wikia.nocookie.net/hotwheels/images/0/03/Datsun_240Z-2013_159.jpg/revision/latest?cb=20130216222321'),
(291, 'Datsun 510 Wagon', 'HRW68', 14, 12, 63, ' ', '', 1, 3, 'https://static.wikia.nocookie.net/hotwheels/images/7/71/DatsunWagon.jpg/revision/latest/scale-to-width-down/1000?cb=20240215151620'),
(292, 'Datsun 620', 'HFV93 ', 71, 1, 8, ' ', '', 0, 3, 'https://static.wikia.nocookie.net/hotwheels/images/4/46/Datsun620_5pk_Nightburnerz.jpg/revision/latest/scale-to-width-down/1000?cb=20221230145244'),
(293, 'Datsun 620', 'HLY73', 72, 4, 64, ' ', '', 0, 3, 'https://static.wikia.nocookie.net/hotwheels/images/2/2d/5pk_Datsun620.jpg/revision/latest/scale-to-width-down/1000?cb=20230524032201');
INSERT INTO `hw_cars` (`id`, `name`, `toy_code`, `color_id`, `year_id`, `series_id`, `notes`, `extras`, `packed`, `designer_id`, `img_url`) VALUES
(294, 'Datsun 620', 'DTX75', 1, 14, 2, '', '', 0, 3, 'https://static.wikia.nocookie.net/hotwheels/images/9/9d/Datsun_620_DTX75.png/revision/latest?cb=20170324222425'),
(295, 'Datsun Bluebird 510', 'V5578', 73, 10, 2, ' ', '', 0, 3, 'https://static.wikia.nocookie.net/hotwheels/images/d/dd/2012-DatsunBluebird510-Grey.jpg/revision/latest?cb=20120212193403'),
(296, 'Datsun Bluebird Wagon (510)', 'HKH72', 74, 4, 2, ' ', '', 1, 3, 'https://static.wikia.nocookie.net/hotwheels/images/d/d9/LoveWagon.jpg/revision/latest/scale-to-width-down/1000?cb=20230914042125'),
(297, 'Datsun Bluebird Wagon (510)', 'GHC90', 3, 15, 2, 'Amerikai Kártya (Guaranteed For Life)', 'Amerikai Kártya', 1, 3, 'https://static.wikia.nocookie.net/hotwheels/images/6/6c/GHC90-01.jpg/revision/latest/scale-to-width-down/1000?cb=20200408103440'),
(298, 'De Tomaso Pantera', 'HRW52', 14, 12, 12, ' ', 'Silver Series', 1, 23, ''),
(299, 'Decidedly Go', 'HYW39', 10, 11, 2, '', '', 1, 27, 'https://static.wikia.nocookie.net/hotwheels/images/3/39/DecidedlyGo.jpg/revision/latest/scale-to-width-down/1000?cb=20250414072132'),
(300, 'Dimachinni Veloce', 'JBJ87', 14, 11, 8, '', '', 1, 6, 'https://static.wikia.nocookie.net/hotwheels/images/5/5f/20241218233212.jpg/revision/latest/scale-to-width-down/1000?cb=20241219053457'),
(301, 'DMC Delorian', 'HYW88', 14, 11, 2, '', '', 1, 31, 'https://static.wikia.nocookie.net/hotwheels/images/6/6c/ArtsyDeLorean.jpg/revision/latest/scale-to-width-down/1000?cb=20250224122131'),
(302, 'DMC Delorian', 'HYX59', 34, 11, 2, '', '', 1, 31, ''),
(303, 'D-Muscle', 'McDMC5', 1, 3, 65, '', '', 0, 17, 'https://static.wikia.nocookie.net/hotwheels/images/7/73/2019_Mc-Donald%27s_Furious_Muscle_Car_-_D-Muscle_-_White.jpg/revision/latest/scale-to-width-down/1000?cb=20220114191432'),
(304, 'Dodge Challenger R/T Scat Pack', 'HWH39', 75, 12, 66, '', 'hátrahúzós, 1:43', 1, 15, 'https://static.wikia.nocookie.net/hotwheels/images/2/24/2024PullbackDodge.jpg/revision/latest/scale-to-width-down/1000?cb=20240629214906'),
(305, 'Dodge Charger R/T', 'B3589', 19, 31, 67, '', '', 0, 2, ''),
(306, 'Dodge Charger SRT8', 'N4442', 76, 17, 19, '', '', 0, 17, 'https://images-cdn.ubuy.ae/634e99b32f323320f0156a1e-hot-wheels-color-shifters-cars-rescue.jpg'),
(307, 'Dodge M80', '56378', 7, 32, 59, '', '2003 First Editions', 1, 2, ''),
(308, 'Dodge Ram 1500 (2007)', 'K6137', 14, 16, 5, 'Nyitható Platófedél csak nincs meg', '2007 New Models', 0, 2, ''),
(309, 'Dodge Sidewinder', '50126', 65, 33, 2, '', '', 0, 4, 'https://static.wikia.nocookie.net/hotwheels/images/1/1a/Dodge_Sidewinder_Company_Cars_3SP.jpg/revision/latest/scale-to-width-down/1000?cb=20210312034925'),
(310, 'Dodge Van', 'HTB95', 5, 12, 2, '', '', 1, 10, ''),
(311, 'Dodge Viper RT/10', '88459', 2, 33, 68, '', '', 0, 7, 'https://static.wikia.nocookie.net/hotwheels/images/8/88/RT_10_Blue_Black_Viper.jpg/revision/latest/scale-to-width-down/1000?cb=20181125144327'),
(312, 'Dodge Viper SRT10 ACR', 'HTC27', 30, 12, 2, '', '', 1, 2, ''),
(313, 'Double Trouble Prowl Car/Flip Master Firebird', '8812', 1, 34, 69, '', '', 1, 32, ''),
(314, 'Drag Flip (Nissan 200SX)', '2290', 3, 35, 70, ' ', '', 0, 7, ''),
(315, 'Drift-Ender', 'HYW27', 1, 11, 2, '', '', 1, 27, 'https://i.ebayimg.com/images/g/xmMAAOSwRL1nmPRt/s-l400.jpg'),
(316, 'Ducati Scrambler Hot Wheels Edition', 'HRR93', 30, 12, 49, ' ', 'Silver Series', 1, 6, 'https://static.wikia.nocookie.net/hotwheels/images/3/3b/Hot_Wheels_Motorcycle_Club_2024_Ducati_Scrambler_Hot_Wheels_Edition_Silver_Malaysia_HRR93.jpg/revision/latest/scale-to-width-down/1000?cb=20240630111150'),
(317, 'Fandango', 'DVD03', 14, 14, 25, '', '', 0, 2, 'https://static.wikia.nocookie.net/hotwheels/images/0/0d/Fandango-17th-hwartcars-600pxotd.png/revision/latest?cb=20170403165743'),
(318, 'Ferrari 1968 365 GTS / 4', '22183', 7, 27, 71, '1/43', 'Ferrari', 0, 17, ''),
(319, 'Ferrari 250 LM', 'N8097', 9, 23, 72, 'Ferrari Racer', 'Ferrari', 1, 4, ''),
(320, 'Ferrari 308 GTS', 'W4241', 7, 10, 73, ' ', 'Ferrari', 0, 12, ''),
(321, 'Ferrari 333 SP', '57072', 14, 32, 74, '', 'Ferrari', 0, 4, ''),
(322, 'Ferrari 360 Modena', '23902', 3, 36, 59, '', 'Ferrari', 0, 21, 'https://static.wikia.nocookie.net/hotwheels/images/7/7b/Ferrari_360_Modena_01.JPG/revision/latest/scale-to-width-down/1000?cb=20140519153550'),
(323, 'Ferrari 360 Modena (X-Raycers)', 'J3486', 77, 22, 75, ' ', 'Ferrari', 0, 33, ''),
(324, 'Ferrari 360 Modena (X-Raycers)', 'G6712', 78, 21, 59, '', 'Ferrari', 0, 33, 'https://static.wikia.nocookie.net/hotwheels/images/e/e2/Ferrari_360_Modena_Tooned_01.JPG/revision/latest/scale-to-width-down/1000?cb=20140519155958'),
(325, 'Ferrari 365 GTB/4', '23928', 3, 19, 59, '', 'Ferrari', 0, 21, 'https://static.wikia.nocookie.net/hotwheels/images/0/0e/Ferrari_365_GTB.jpg/revision/latest?cb=20180409071723'),
(326, 'Ferrari 430 Scuderia', 'V5347', 3, 10, 25, '', 'Ferrari', 1, 12, ''),
(327, 'Ferrari 456 GT', '22169', 8, 27, 71, '1/43', 'Ferrari', 0, 17, ''),
(328, 'Ferrari 458 Spider', 'BFB28', 3, 2, 76, '', 'Ferrari', 0, 22, 'https://static.wikia.nocookie.net/hotwheels/images/2/26/Ferrari_458_Spider_02.JPG/revision/latest/scale-to-width-down/1000?cb=20140525225731'),
(329, 'Ferrari 612 Scaglietti', 'X9848', 3, 18, 77, ' ', 'Ferrari', 0, 12, 'https://static.wikia.nocookie.net/hotwheels/images/6/6d/Ferrari_612_Scaglietti_03.JPG/revision/latest/scale-to-width-down/1000?cb=20140526003838'),
(330, 'Ferrari California', 'V5430', 79, 10, 2, '', '', 0, 12, 'https://static.wikia.nocookie.net/hotwheels/images/8/8d/Ferrari_California_04.JPG/revision/latest/scale-to-width-down/1000?cb=20140526010121'),
(331, 'Ferrari California', 'V0043', 3, 5, 2, '', 'Ferrari', 0, 12, 'https://static.wikia.nocookie.net/hotwheels/images/6/6b/Ferrari_California_02.JPG/revision/latest/scale-to-width-down/1000?cb=20140526010119'),
(332, 'Ferrari F12 Berlinetta', 'BFF88', 7, 2, 2, '', 'Ferrari', 0, 22, 'https://static.wikia.nocookie.net/hotwheels/images/e/ea/Ferrari_F12_Berlinetta-18046_%281%29.jpg/revision/latest/scale-to-width-down/1000?cb=20140928045918'),
(333, 'FeRrArI F430 SpIdEr', 'T9897', 3, 5, 2, 'ErRor', 'Ferrari', 1, 34, ''),
(334, 'Ferrari FXX', 'X9848', 2, 18, 77, ' ', 'Ferrari', 0, 2, 'https://static.wikia.nocookie.net/hotwheels/images/d/dc/Ferrari_FXX_08.JPG/revision/latest/scale-to-width-down/1000?cb=20140526060245'),
(335, 'Ferrari SF90 Stradale', 'HYW34', 80, 11, 2, '', 'Ferrari', 1, 26, ''),
(336, 'Fiat 500e', 'HYW85', 19, 11, 2, '', '', 1, 2, ''),
(337, 'Fire Eater', 'T9929', 1, 5, 2, ' ', '', 0, 7, 'https://static.wikia.nocookie.net/hotwheels/images/d/d6/Fire-eater-2011_white.png/revision/latest/scale-to-width-down/1000?cb=20120507040313'),
(338, 'Fire Eater', '9640', 3, 37, 78, '', '', 0, 7, 'https://static.wikia.nocookie.net/hotwheels/images/4/43/Fire_Eater_RedBW.JPG/revision/latest?cb=20090210052743'),
(339, 'Fish\'d & Chip\'d', 'JBC21', 42, 11, 25, '', '', 1, 23, ''),
(340, 'Fish\'d & Chip\'d', 'X6999', 50, 14, 4, '', '', 0, 23, 'https://static.wikia.nocookie.net/hotwheels/images/1/14/BE9F2749-A551-47AB-B8F1-359476C73F12.jpeg/revision/latest/scale-to-width-down/1000?cb=20190226234222'),
(341, 'Flip & Run Racer/Whirling Dervish', '6022', 14, 38, 69, '', '', 0, 32, 'https://static.wikia.nocookie.net/hotwheels/images/6/6f/OverDrive.jpeg/revision/latest/scale-to-width-down/1000?cb=20231113013136'),
(342, 'Ford Escort', 'JBB17', 14, 11, 2, '', '', 1, 2, 'https://static.wikia.nocookie.net/hotwheels/images/c/c0/FordEscortMaxi.jpg/revision/latest/scale-to-width-down/1000?cb=20250107133147'),
(343, 'Ford F-150 SVT Lightning', 'HYP75', 3, 12, 42, 'Hosszab mint a mainline', 'Premium', 1, 4, ''),
(344, 'Ford Focus', '28770', 14, 33, 59, '', '2001 First Editions', 0, 18, ''),
(345, 'Ford Fusion', 'CDT28', 17, 9, 79, '', '', 0, 2, 'https://static.wikia.nocookie.net/hotwheels/images/b/bb/FordFusionCDT28.jpg/revision/latest/scale-to-width-down/1000?cb=20151121035613'),
(346, 'Ford GT', 'DHR78', 81, 13, 2, '', '', 0, 12, 'https://static.wikia.nocookie.net/hotwheels/images/c/c2/Ford_GT_LM_%282016_Version%29_%282%29.jpg/revision/latest/scale-to-width-down/1000?cb=20181203171156'),
(347, 'Ford GT40', 'JBY87', 1, 11, 15, ' ', 'Silver Series', 1, 2, 'https://static.wikia.nocookie.net/hotwheels/images/4/46/Silver_Series_2025_National_Icons_Ford_GT40_Indonesia_JBY87.jpg/revision/latest/scale-to-width-down/1000?cb=20250530220957'),
(348, 'Ford GTX1', 'M6875', 64, 17, 2, ' ', '', 0, 20, 'https://static.wikia.nocookie.net/hotwheels/images/0/0c/Ford_gt_AGENTAIR_4.jpg/revision/latest?cb=20080920164615'),
(349, 'Ford GTX1', 'T4419', 11, 8, 44, '', 'Speed Machines', 0, 20, 'https://static.wikia.nocookie.net/hotwheels/images/4/4d/FordGTX1_SM_Orange.JPG/revision/latest/scale-to-width-down/1000?cb=20110221023320'),
(350, 'Ford Model A Custom 31', 'HYW24', 82, 11, 2, '', '', 1, 27, 'https://static.wikia.nocookie.net/hotwheels/images/7/74/OldRed.jpg/revision/latest/scale-to-width-down/1000?cb=20250224122156'),
(351, 'Ford Mustang Dark Horse', 'HRY93', 83, 12, 2, '', '', 1, 26, ''),
(352, 'Ford Mustang GTD', 'HYW19', 8, 11, 2, '', '', 1, 23, ''),
(353, 'Ford Performance Supervan 4', 'JBC20', 3, 11, 25, '', '', 1, 8, ''),
(354, 'Formula Flashback', 'X6999', 84, 11, 4, '3-as csomag', '', 1, 6, 'https://static.wikia.nocookie.net/hotwheels/images/e/ef/2025_Formula_Flashback.jpg/revision/latest/scale-to-width-down/1000?cb=20250316102634'),
(355, 'Gazella R', 'HTV43', 14, 12, 8, ' ', '', 1, 1, 'https://static.wikia.nocookie.net/hotwheels/images/5/51/Gazella_R_Nightburnerz_5-Pack_2024.jpg/revision/latest/scale-to-width-down/1000?cb=20240301123629'),
(356, 'GMC Hummer EV', 'HCX41', 11, 1, 2, '', '', 0, 14, 'https://static.wikia.nocookie.net/hotwheels/images/5/59/HCX41.jpg/revision/latest?cb=20220613160742'),
(357, 'Good Humor Truck', '5904', 1, 39, 2, ' ', '', 0, 7, 'https://static.wikia.nocookie.net/hotwheels/images/a/af/Good_Humor_Truck_-_6355bf.jpg/revision/latest/scale-to-width-down/1000?cb=20081104071622'),
(358, 'Good Humor Truck', '5904', 1, 35, 2, '', '', 0, 7, 'https://static.wikia.nocookie.net/hotwheels/images/a/a0/Good_Humor_Truck_BluStrps.JPG/revision/latest?cb=20091118021343'),
(359, 'Gordon Murray Automotive T.33', 'HYW23', 30, 11, 2, '', '', 1, 23, ''),
(360, 'Gordon Murray Automotive T.50s', 'HRY89', 11, 12, 2, '', '', 1, 23, ''),
(361, 'Gordon Murray Automotive T.50s', 'JBB14', 20, 11, 2, '', '', 1, 23, 'https://static.wikia.nocookie.net/hotwheels/images/5/56/GMAT.50s.jpg/revision/latest/scale-to-width-down/1000?cb=20250416124210'),
(362, 'GT Hunter', 'McDOH5', 12, 3, 65, '', '', 0, 10, 'https://static.wikia.nocookie.net/hotwheels/images/2/28/GT_Hunter_McDonalds_2019.jpg/revision/latest/scale-to-width-down/1000?cb=20210101181506'),
(363, 'Gyracer', '2567', 14, 35, 80, '', '', 0, 7, 'https://static.wikia.nocookie.net/hotwheels/images/a/af/Gyracer_black.JPG/revision/latest/scale-to-width-down/1000?cb=20210325000602'),
(364, 'Gyration Station/Spinster', '6017', 14, 34, 69, '', '', 0, 32, 'https://static.wikia.nocookie.net/hotwheels/images/1/1a/Black_Flipper_Car.JPG/revision/latest?cb=20220521211402'),
(365, 'Hako Type-D', 'HYW25', 1, 11, 2, '', '', 1, 29, ''),
(366, 'Hatch Popper / Smak Bak', '7076', 7, 24, 48, 'Hiányos', '', 0, 7, 'https://static.wikia.nocookie.net/hotwheels/images/3/3a/Hatchpopper.jpg/revision/latest?cb=20101201214804'),
(367, 'Hirohata Merc', 'HYW97', 10, 11, 2, '', '', 1, 5, ''),
(368, 'Hi-Roller II', 'HRY94', 85, 12, 2, '', '', 1, 23, 'https://static.wikia.nocookie.net/hotwheels/images/e/ef/2024_Hi-Roller_2_carded.jpg/revision/latest/scale-to-width-down/1000?cb=20241109101331'),
(369, 'Hi-Roller II', 'HRY94', 85, 12, 2, '', 'Amerikai Kártya', 1, 23, 'https://static.wikia.nocookie.net/hotwheels/images/0/00/Mainline_2024_Hi-Roller_II_Navy_Blue_Malaysia_HRY94.jpg/revision/latest/scale-to-width-down/1000?cb=20241115131948'),
(370, 'Honda CB750 Café', 'HYY85', 3, 11, 2, '', '', 1, 23, 'https://static.wikia.nocookie.net/hotwheels/images/d/d1/HondaCaf%C3%A9Racer.jpg/revision/latest/scale-to-width-down/1000?cb=20250224122621'),
(371, 'Honda Monkey Z50', 'HRR94', 10, 12, 49, ' ', 'Silver Series', 1, 3, 'https://static.wikia.nocookie.net/hotwheels/images/3/3f/Hot_Wheels_Motorcycle_Club_2024_Honda_Monkey_Z50_Purple_Malaysia_HRR94.jpg/revision/latest/scale-to-width-down/1000?cb=20240705003942'),
(372, 'Honda Motocompo', 'HYW43', 3, 11, 2, '', '', 1, 23, 'https://static.wikia.nocookie.net/hotwheels/images/3/3d/HondaMotocompo.jpg/revision/latest/scale-to-width-down/1000?cb=20250416124533'),
(373, 'Honda S2000', 'X6999', 86, 2, 38, ' ', '', 0, 10, 'https://static.wikia.nocookie.net/hotwheels/images/2/24/OrangeS2000.jpg/revision/latest/scale-to-width-down/1000?cb=20240129062439'),
(374, 'Honda S2000', 'HCV85', 7, 1, 2, '', '', 0, 10, 'https://static.wikia.nocookie.net/hotwheels/images/8/8b/HCV85-LOOSE.jpg/revision/latest/scale-to-width-down/1000?cb=20241221093328'),
(375, 'Honda S800 Racing', 'HRY58', 7, 12, 2, '', '', 1, 23, ''),
(376, 'Honda Super Cub Custom', 'HTF23', 21, 11, 25, '', '', 1, 23, 'https://static.wikia.nocookie.net/hotwheels/images/b/bd/HondaMetroBike.jpg/revision/latest/scale-to-width-down/1000?cb=20240908133958'),
(377, 'Hot Wheels Ford Transit Connect', 'GRX79', 2, 6, 2, '', '', 1, 23, 'https://i.ebayimg.com/thumbs/images/g/eygAAOSweg9necmN/s-l1200.jpg'),
(378, 'Hot Wheengs', 'HYW42', 3, 11, 2, '', '', 1, 29, 'https://static.wikia.nocookie.net/hotwheels/images/2/2f/HotWheengs.jpg/revision/latest/scale-to-width-down/1000?cb=20250416124513'),
(379, 'Hummer H2 SUT', 'L9930', 11, 17, 5, '', '2008 New Models', 0, 2, ''),
(380, 'Hummer H3 (Blings)', 'K7578', 3, 16, 81, '', '', 0, 16, ''),
(381, 'Humvee', 'HYX05', 3, 11, 2, '', '', 1, 7, ''),
(382, 'Iveco Starlis', 'M0292', 3, 17, 82, 'Hiányos ellenző, deformált utánfuto, nincs autó, nincsenek alkatrészek', 'Ferrari', 0, 17, 'https://assets.catawiki.com/image/cw_normal/plain/assets/catawiki/assets/2020/4/6/3/f/a/3fa56e0e-eb2e-4d5c-b47c-93789364a8a5.jpg'),
(383, 'Jack Hammer', 'G8105', 19, 21, 83, 'Bontatlanul kártya is jár hozzá', 'Különkiadás', 0, 7, ''),
(384, 'Jaguar D-Type', '55094', 10, 29, 2, '', '', 0, 4, ''),
(385, 'Jaguar Lightweight E-Type', 'JBY90', 2, 11, 15, 'Fémváz', 'Silver Series', 1, 4, 'https://static.wikia.nocookie.net/hotwheels/images/f/fd/Silver_Series_2025_National_Icons_Jaguar_Lightweight_E-Type_Indonesia_JBY90.jpg/revision/latest/scale-to-width-down/1000?cb=20250530221442'),
(386, 'Jaguar MK1', 'HYX19', 65, 11, 2, '', '', 1, 23, ''),
(387, 'Jeep CJ-7', 'CFK53', 11, 9, 25, '', '', 0, 7, 'https://i.pinimg.com/736x/2c/f3/cd/2cf3cd99e96e7ab5ad24ef18914a7a04.jpg'),
(388, 'K.I.T.T.', 'HYX27', 14, 11, 2, '', '', 1, 5, 'https://static.wikia.nocookie.net/hotwheels/images/1/1e/CustomKITT.jpg/revision/latest/scale-to-width-down/1000?cb=20250107132659'),
(389, 'K.I.T.T.', 'HYX27', 14, 11, 2, '', '', 1, 5, 'https://static.wikia.nocookie.net/hotwheels/images/1/1e/CustomKITT.jpg/revision/latest/scale-to-width-down/1000?cb=20250107132659'),
(390, 'Kei Swap', 'HYW14', 3, 11, 2, '', '', 1, 35, ''),
(391, 'Kool Kombi', 'JBL68', 3, 11, 46, 'Mattel 80th Anniversary', 'Premium', 1, 36, 'https://static.wikia.nocookie.net/hotwheels/images/e/e0/JBL68.jpg/revision/latest/scale-to-width-down/1000?cb=20241210121447'),
(392, 'La Troca', '57060', 2, 32, 84, ' ', '', 0, 2, 'https://static.wikia.nocookie.net/hotwheels/images/4/45/Latroca-concretecruisers.jpg/revision/latest?cb=20100515051120 '),
(393, 'Lamborghini Aventador LP 700-4', 'DWF26', 14, 14, 85, ' ', '', 0, 2, 'https://static.wikia.nocookie.net/hotwheels/images/e/eb/DWF26-01.JPG/revision/latest/scale-to-width-down/1000?cb=20220327033336'),
(394, 'Lamborghini Aventador LP 700-4', 'V5582', 30, 10, 5, ' ', '2012 New Models', 0, 2, 'https://static.wikia.nocookie.net/hotwheels/images/e/ed/2012-LamborghiniAventador-Silver.jpg/revision/latest?cb=20120312024521'),
(395, 'Lamborghini Estoque', 'HDH13', 2, 1, 86, '', '', 1, 2, ''),
(396, 'Lamborghini Gallardo LP 560-4', 'T4443', 54, 8, 44, '', 'Speed Machines', 0, 12, ''),
(397, 'Lamborghini Gallardo LP 570-4 Superleggera', 'CFM38', 87, 9, 19, ' ', '', 0, 12, 'https://static.wikia.nocookie.net/hotwheels/images/9/95/15cs3248lamborghini800.jpg/revision/latest?cb=20151114223451'),
(398, 'Lamborghini Gallardo LP 570-4 Superleggera', 'T9679', 7, 5, 5, ' ', '2011 New Models', 0, 12, 'https://static.wikia.nocookie.net/hotwheels/images/e/e9/Lamborghini_gallardo_lp_570-4_superleggera.png/revision/latest/scale-to-width-down/1000?cb=20110129025520'),
(399, 'Lamborghini Huracán Sterrato', 'HYW93', 1, 11, 2, '', '', 1, 26, ''),
(400, 'Lamborghini Reventón', 'HKH94', 3, 4, 2, ' ', '', 1, 2, 'https://static.wikia.nocookie.net/hotwheels/images/3/3e/HKH94_-_Lamborghini_Reventon_Carded-1.jpg/revision/latest/scale-to-width-down/1000?cb=20231113041907'),
(401, 'Lamborghini Reventón', 'DWF25', 1, 14, 85, ' ', '', 0, 2, 'https://static.wikia.nocookie.net/hotwheels/images/8/8a/7763C1E3-D1C2-4080-BBB9-CB1122FF85ED.jpeg/revision/latest?cb=20190316172453'),
(402, 'Lamborghini Reventón Roadster', 'DWF23', 30, 14, 85, ' ', '', 0, 2, 'https://static.wikia.nocookie.net/hotwheels/images/3/3d/DWF23-01.JPG/revision/latest/scale-to-width-down/1000?cb=20211216031728'),
(403, 'Lamborghini Reventón Roadster', 'V3940', 88, 8, 5, ' ', '2010 New Models', 0, 2, 'https://static.wikia.nocookie.net/hotwheels/images/7/74/REVENT%C3%93N_ROADSTER_A.jpg/revision/latest/scale-to-width-down/1000?cb=20100908184917'),
(404, 'Large Charge', '8272', 68, 40, 87, ' ', '', 0, 7, ''),
(405, 'LB-Silhouette Works GT Nissan 35GT-RR VER.2', 'HTC72', 8, 12, 2, '', '', 1, 10, ''),
(406, 'Lomad', 'G6691', 3, 21, 2, '', '', 0, 7, 'https://static.wikia.nocookie.net/hotwheels/images/4/4c/4736071024_17614af9eb_z.jpg/revision/latest?cb=20150221082709'),
(407, 'Lotus Project M250', 'G7839', 8, 31, 88, '', '', 1, 4, ''),
(408, 'Lotus Esprit S1', 'FJV90', 2, 7, 2, ' ', '', 0, 10, 'https://static.wikia.nocookie.net/hotwheels/images/1/16/Lotus_Esprit_S1_%28Black%29.jpg/revision/latest/scale-to-width-down/1000?cb=20231018225148'),
(409, 'Lotus Esprit S1', 'X6999', 14, 4, 89, ' ', '', 0, 10, ''),
(410, 'Lotus Esprit S1', 'FYL17', 19, 3, 7, ' ', '', 0, 10, 'https://static.wikia.nocookie.net/hotwheels/images/c/cd/2019_Exotics_5-Pack_S1-01.JPG/revision/latest/scale-to-width-down/1000?cb=20220708053238'),
(411, 'Lotus Sport Elise', 'R8494', 12, 8, 44, '', 'Speed Machines', 0, 4, ''),
(412, 'Mailed It!', 'JBC22', 63, 11, 25, '', '', 1, 37, ''),
(413, 'Mailed It!', 'HTD91', 53, 12, 2, '', '', 1, 37, ''),
(414, 'Maserati Shamal', 'HYW21', 89, 11, 2, '', '', 1, 26, ''),
(415, 'Maserati Shamal', 'HYX76', 14, 11, 2, '', '', 1, 26, ''),
(416, 'Mattel Dream Mobile', 'HYX42', 3, 11, 2, '', '', 1, 1, 'https://static.wikia.nocookie.net/hotwheels/images/0/0b/DreamCar.jpg/revision/latest/scale-to-width-down/1000?cb=20250416123626'),
(417, 'Mazda MX-5 Miata', 'HYW18', 8, 11, 90, '', '', 1, 26, 'https://static.wikia.nocookie.net/hotwheels/images/b/b9/MazdaChimera.jpg/revision/latest/scale-to-width-down/1000?cb=20241109072114'),
(418, 'Mazda MX-5 Miata', 'HYX57', 41, 11, 2, '', '', 1, 26, 'https://static.wikia.nocookie.net/hotwheels/images/6/6f/GreenChimera.jpg/revision/latest/scale-to-width-down/1000?cb=20250224121916'),
(419, 'Mazda RX-3 (Tooned)', 'HTD77', 1, 12, 2, '', '', 1, 23, ''),
(420, 'McLaren F1', 'HTB11', 90, 12, 2, '', '', 1, 1, ''),
(421, 'McLaren Formula 1 Team', 'JGF58', 14, 11, 53, '', '', 1, 27, 'https://static.wikia.nocookie.net/hotwheels/images/0/0a/JBJ78-mclaren_web.jpg/revision/latest/scale-to-width-down/1000?cb=20250318110624'),
(422, 'Mclaren P1', 'FJY08', 91, 7, 2, ' ', '', 0, 1, 'https://static.wikia.nocookie.net/hotwheels/images/3/33/2020_HW_Exotics_-_09.10_-_McLaren_P1_02.jpg/revision/latest/scale-to-width-down/1000?cb=20200825133745'),
(423, 'McLaren P1', 'HTB85', 6, 12, 2, ' ', '', 1, 1, 'https://static.wikia.nocookie.net/hotwheels/images/a/aa/2013McLarenP1.jpg/revision/latest/scale-to-width-down/1000?cb=20240904131638'),
(424, 'McLaren P1', 'HTD92', 65, 12, 2, '', '', 1, 1, 'https://static.wikia.nocookie.net/hotwheels/images/f/f3/Mainline_2024_McLaren_P1_Burgundy_Malaysia_HTD92.jpg/revision/latest/scale-to-width-down/1000?cb=20241029222957'),
(425, 'McLaren P1', 'DHP95', 2, 13, 2, '', '', 0, 1, 'https://static.wikia.nocookie.net/hotwheels/images/e/e6/McLarenP1DHP95.jpg/revision/latest/scale-to-width-down/1000?cb=20160123083054'),
(426, 'McLaren W1', 'HYW41', 11, 11, 2, '', '', 1, 11, 'https://static.wikia.nocookie.net/hotwheels/images/e/e8/McLarenW1.jpg/revision/latest/scale-to-width-down/1000?cb=20250224122219'),
(427, 'Megane Trophy', 'HTV43', 7, 12, 8, ' ', '', 1, 12, 'https://static.wikia.nocookie.net/hotwheels/images/3/34/Polish_20240204_160830108.jpg/revision/latest/scale-to-width-down/1000?cb=20240204151058'),
(428, 'Mercedes -Benz 500E', 'HYX02', 12, 11, 2, '', '', 1, 1, ''),
(429, 'Mercedes-Benz 500 SEL', 'HRT94', 30, 12, 91, '', '', 1, 11, 'https://static.wikia.nocookie.net/hotwheels/images/4/4e/Premium_Fast_%26_Furious_2024_Mix_3_Mercedes-Benz_500_SEL_MF_Silver_Thailand_HRT94.jpg/revision/latest/scale-to-width-down/1000?cb=20240908141712'),
(430, 'Mercedes-Benz E 36 AMG', 'JBK69', 3, 11, 47, ' ', 'Premium', 0, 4, 'https://static.wikia.nocookie.net/hotwheels/images/3/31/MercedesE36.jpg/revision/latest/scale-to-width-down/1000?cb=20250414080428'),
(431, 'Mercedes-Benz Unimog 1300L', 'HTF05', 11, 12, 2, '', '', 1, 6, ''),
(432, 'Metrorail', '53703', 3, 33, 2, '', '', 0, 38, ''),
(433, 'Mini Cooper S Challenge', 'JBY96', 92, 11, 92, ' ', 'Silver Series', 1, 22, 'https://static.wikia.nocookie.net/hotwheels/images/e/e2/Neon_Speeders_2025_Mix_1_Mini_Cooper_S_Challenge_Neon_Orange_Thailand_JBY96.jpg/revision/latest/scale-to-width-down/1000?cb=20241224204647'),
(434, 'Mitsubishi Eclipse Concept Car', 'FKT59', 30, 7, 52, ' ', '', 0, 4, 'https://static.wikia.nocookie.net/hotwheels/images/e/eb/Eclipse.CarMeetSet.jpg/revision/latest/scale-to-width-down/1000?cb=20180503005601'),
(435, 'MoneyGram Haas F1 Team', 'JGF58', 14, 11, 53, '', '', 1, 27, 'https://static.wikia.nocookie.net/hotwheels/images/9/98/JBJ78-haas_web.jpg/revision/latest/scale-to-width-down/1000?cb=20250318110546'),
(436, 'Monster Dairy Delivery', 'DTX91', 9, 14, 2, '', '', 1, 2, 'https://media.karousell.com/media/photos/products/2022/3/21/hot_wheels_monster_dairy_deliv_1647836789_a34d574f_progressive.jpg'),
(437, 'Morgan Super 3', 'HYW13', 46, 11, 2, 'Bontásra, szándékosan dupla', '', 0, 27, 'https://www.diecastdreams.co.uk/cdn/shop/files/Untitleddesign_26_c158742c-bcb7-429b-9045-b352ad1d069e.png?v=1745583124'),
(438, 'Morgan Super 3', 'HYW13', 46, 11, 2, '', '', 1, 27, 'https://www.diecastdreams.co.uk/cdn/shop/files/Untitleddesign_26_c158742c-bcb7-429b-9045-b352ad1d069e.png?v=1745583124'),
(439, 'Morgan Super 3', 'HYX48', 93, 11, 2, '', '', 1, 27, ''),
(440, 'Mustang Cobra', 'M6877', 94, 17, 93, '', '', 1, 4, ''),
(441, 'Mustang Funny Car', 'HTB73', 1, 12, 2, ' ', '', 1, 2, 'https://static.wikia.nocookie.net/hotwheels/images/8/8f/HTB73.jpg/revision/latest/scale-to-width-down/1000?cb=20250516080512'),
(442, 'Mustang Funny Car', 'HTD55', 7, 12, 2, ' ', '', 1, 2, 'https://static.wikia.nocookie.net/hotwheels/images/9/93/Mustang_funny_car_%28Variant%29.jpg/revision/latest?cb=20240701222328'),
(443, 'Mustang Funny Car', 'M6863', 14, 17, 2, 'Felnyitható', '', 0, 2, 'https://static.wikia.nocookie.net/hotwheels/images/f/fb/MustangLF.jpg/revision/latest?cb=20081216061151'),
(444, 'Mustang Funny Car', 'HKH30', 10, 4, 2, ' ', '', 0, 2, 'https://static.wikia.nocookie.net/hotwheels/images/e/e5/HKH30-LOOSE.jpg/revision/latest/scale-to-width-down/1000?cb=20250515173839'),
(445, 'Nissan 300ZX Twin Turbo', 'HTV43', 11, 12, 8, ' ', '', 1, 6, 'https://static.wikia.nocookie.net/hotwheels/images/6/69/Nissan_300ZX_Twin_Turbo_Nightburnerz_5-Pack_2024.jpg/revision/latest/scale-to-width-down/1000?cb=20240301123614'),
(446, 'Nissan 300ZX Twin Turbo', 'JCB59', 12, 11, 41, ' ', 'Silver Series', 1, 6, 'https://static.wikia.nocookie.net/hotwheels/images/8/80/Nissan_300ZX_Twin_Turbo_Carded.jpg/revision/latest/scale-to-width-down/1000?cb=20241111210546'),
(447, 'Nissan 350Z Custom', 'HRW54', 21, 12, 12, 'Fém aljú', '', 1, 8, ''),
(448, 'Nissan Fairlady Z', 'FYD18', 7, 3, 2, 'Track Stars', '', 0, 3, 'https://static.wikia.nocookie.net/hotwheels/images/c/ce/Fairlady_Z_Yellow_19.jpg/revision/latest/scale-to-width-down/1000?cb=20181124234922'),
(449, 'Nissan Fairlady Z', 'HLY73', 11, 4, 64, ' ', '', 1, 3, 'https://static.wikia.nocookie.net/hotwheels/images/f/f7/FairladyZ_Nissan5pk.jpg/revision/latest/scale-to-width-down/1000?cb=20230524032429'),
(450, 'Nissan Fairlady Z', 'DHP27', 17, 13, 2, '', '', 0, 3, 'https://static.wikia.nocookie.net/hotwheels/images/0/07/Custom_Datsun_240Z_%282%29.JPG/revision/latest/scale-to-width-down/1000?cb=20171227152248'),
(451, 'Nissan Maxima Drift Car', 'JBJ87', 8, 11, 8, '', '', 1, 6, 'https://static.wikia.nocookie.net/hotwheels/images/b/b1/20241218233224.jpg/revision/latest/scale-to-width-down/1000?cb=20241219053457'),
(452, 'Nissan Skyline 2000 GT-R', 'GTB39', 23, 6, 2, ' ', '', 0, 3, 'https://static.wikia.nocookie.net/hotwheels/images/3/3e/GTB39-01.jpg/revision/latest/scale-to-width-down/1000?cb=20210812165224'),
(453, 'Nissan Skyline 2000 GT-R', 'FJX88', 2, 7, 2, ' ', '', 1, 3, 'https://static.wikia.nocookie.net/hotwheels/images/2/25/1458.JPG/revision/latest/scale-to-width-down/1000?cb=20180901141141'),
(454, 'Nissan Skyline 2000GT-R', 'HRW69', 56, 12, 63, ' ', '', 1, 3, 'https://static.wikia.nocookie.net/hotwheels/images/7/73/Neon_Speeders_2024_Nissan_Skyline_2000GT-R_Neon_Pink_Thailand_HRW69.jpg/revision/latest/scale-to-width-down/1000?cb=20240121194431'),
(455, 'Nissan Skyline 2000 GT-R', 'FJX88', 2, 7, 2, '', '', 0, 3, 'https://static.wikia.nocookie.net/hotwheels/images/4/47/Nissan_Skyline_2000_GT-R_-_Then_N_1_-_18_-_2.png/revision/latest?cb=20180827233146'),
(456, 'Nissan Skyline 2000GT-R', 'BFC45', 20, 2, 2, '', '', 1, 3, 'https://static.wikia.nocookie.net/hotwheels/images/5/59/305.jpg/revision/latest/scale-to-width-down/1000?cb=20180901141406'),
(457, 'Nissan Skyline 2000GT-R LBWK (Tooned)', 'HYX54', 2, 11, 2, '', '', 1, 29, 'https://static.wikia.nocookie.net/hotwheels/images/7/76/%27ToonedKatoSkyline.jpg/revision/latest/scale-to-width-down/1000?cb=20241106122428'),
(458, 'Nissan Skyline GT-R (BCNR33)', 'HTD96', 95, 12, 2, '', '', 1, 1, 'https://static.wikia.nocookie.net/hotwheels/images/4/46/HKSPowerR33.jpg/revision/latest/scale-to-width-down/1000?cb=20250224122434'),
(459, 'Nissan Skyline GT-R (BCNR33)', 'HYY80', 14, 11, 2, '', '', 1, 1, ''),
(460, 'Nissan Skyline GT-R (BNR32)', 'HYY72', 21, 11, 2, '', '', 1, 3, ''),
(461, 'Nissan Skyline GT-R (BNR32)', 'JBL97', 14, 11, 94, ' ', 'Premium', 0, 3, 'https://static.wikia.nocookie.net/hotwheels/images/c/c4/20250711102652.jpg/revision/latest/scale-to-width-down/1000?cb=20250711022725'),
(462, 'Nissan Skyline GT-R (R32)', 'DJD30', 7, 13, 8, '', '', 0, 19, 'https://static.wikia.nocookie.net/hotwheels/images/e/e3/%2789NissanR32.jpg/revision/latest/scale-to-width-down/1000?cb=20241024120949'),
(463, 'Nissan Skyline GT-R (R32) Pandem', 'HRV68', 1, 12, 95, '', 'Premium', 1, 16, ''),
(464, 'Nissan Skyline H/T 2000GT-R', 'X0092', 1, 5, 5, '', '2011 New Models', 0, 3, ''),
(465, 'Nitro Doorslammer', 'DNN10', 96, 15, 19, ' ', '', 0, 3, 'https://manoshop.hu/img/3936/DNN10/DNN10.jpg'),
(466, 'Old Number 5', '1695', 3, 41, 2, '', '', 0, 7, 'https://static.wikia.nocookie.net/hotwheels/images/8/8a/1981_OLD_NUMBER_5_WITH_HOOD_LOUVERS_HK.jpg/revision/latest?cb=20131113233151'),
(467, 'Optimus Prime', 'HYW26', 3, 11, 2, '', '', 1, 31, 'https://static.wikia.nocookie.net/hotwheels/images/8/80/Optimus.jpg/revision/latest/scale-to-width-down/1000?cb=20250120090211'),
(468, 'Oracle Red Bull Racing', 'HYW10', 97, 11, 2, '', '', 1, 27, ''),
(469, 'Pedal Driver', 'JBC23', 3, 11, 25, '', '', 1, 1, ''),
(470, 'Peterbilt Cement Truck', '1169', 3, 42, 78, ' ', '', 0, 7, ''),
(471, 'Peterbilt Cement Truck', '1169', 3, 42, 78, '', '', 0, 7, ''),
(472, 'Peterbilt Tank Truck', '1689', 11, 43, 96, ' ', '', 0, 7, ''),
(473, 'Pixel Shaker', 'HCY01', 12, 15, 25, '', '', 0, 1, 'https://netjatek.hu/images/common/products/large/18/22/182253-1-hot-wheels-pixel-shaker-kisauto-1638545223812691.webp'),
(474, 'Pontiac Banshee', '1796', 3, 44, 97, '', '', 1, 7, ''),
(475, 'Pontiac Banshee', '1796', 3, 44, 97, 'Kopottabb', '', 1, 7, ''),
(476, 'Pontiac Firebird', 'FKT64', 2, 7, 35, '', '', 0, 3, 'https://static.wikia.nocookie.net/hotwheels/images/2/2a/Firebird.18HWFlames.JPG/revision/latest/scale-to-width-down/1000?cb=20180811191029'),
(477, 'Porsche 356 Outlaw', 'X6999', 3, 3, 38, ' ', '', 0, 4, 'https://static.wikia.nocookie.net/hotwheels/images/f/fd/Porsche-356A-red-2019-multipack.jpg/revision/latest?cb=20190323071919'),
(478, 'Porsche 356 Outlaw', 'HLR39', 6, 4, 98, ' ', '', 0, 4, 'https://static.wikia.nocookie.net/hotwheels/images/f/fa/Porsche_356_A_Outlaw_%281%29_MM_-_HotWheels.jpg/revision/latest?cb=20230708160453'),
(479, 'Porsche 356 Outlaw', 'X6999', 2, 4, 89, ' ', '', 0, 4, 'https://static.wikia.nocookie.net/hotwheels/images/f/f1/2203_Multipack_Porsche_356.png/revision/latest?cb=20230213004457'),
(480, 'Porsche 356 Outlaw', 'DHX35', 30, 13, 2, '', '', 0, 4, 'https://static.wikia.nocookie.net/hotwheels/images/e/ea/Porsche_356A_Outlaw-2015_120_Silver.jpg/revision/latest/scale-to-width-down/1000?cb=20160305203045'),
(481, 'Porsche 904 Carrera GTS', 'HTD94', 3, 12, 2, '', '', 1, 23, 'https://static.wikia.nocookie.net/hotwheels/images/7/7b/Porsche_904_Carrera_GTS_%281a%29_-_HotWheels.jpg/revision/latest/scale-to-width-down/1000?cb=20241027145642'),
(482, 'Porsche 904 Carrera GTS', 'HYX41', 66, 11, 2, '', '', 1, 23, 'https://img.jofogas.hu/767x575crop/Hot_Wheels_Race_Day_Porsche_904_Carrera_GTS_Kisauto_706552590001682.jpg'),
(483, 'Porsche 904 Carrera GTS', 'HRY73', 8, 12, 2, '', '', 1, 23, 'https://static.wikia.nocookie.net/hotwheels/images/c/ce/IMAG1566%2825989%29.jpg/revision/latest/scale-to-width-down/1000?cb=20240613061838'),
(484, 'Porsche 911 Carrera', 'HRY64', 36, 12, 2, 'Kulcstartó', '', 1, 27, 'https://static.wikia.nocookie.net/hotwheels/images/b/ba/PorscheCarreraKeychain.jpg/revision/latest/scale-to-width-down/1000?cb=20240226081951'),
(485, 'Porsche 911 Carrera', 'HTD78', 1, 12, 2, 'Kulcstartó', '', 1, 27, 'https://static.wikia.nocookie.net/hotwheels/images/4/4d/24Carrera01.jpg/revision/latest/scale-to-width-down/1000?cb=20241009140959'),
(486, 'Porsche 911 Carrera RS 2.7', 'HKJ82', 11, 4, 2, ' ', '', 1, 23, 'https://static.wikia.nocookie.net/hotwheels/images/9/98/PorscheCarreraRS.jpg/revision/latest/scale-to-width-down/1000?cb=20230626030218'),
(487, 'Porsche 911 Carrera RS 2.7', 'HTC49', 23, 12, 2, ' ', '', 1, 23, 'https://static.wikia.nocookie.net/hotwheels/images/3/39/1973Porsche911.jpg/revision/latest/scale-to-width-down/1000?cb=20231003115019'),
(488, 'Porsche 911 Carrera RS 2.7', 'HTD08', 3, 12, 2, ' ', '', 1, 23, 'https://static.wikia.nocookie.net/hotwheels/images/1/14/1973PorscheRS.jpg/revision/latest/scale-to-width-down/1000?cb=20240307060056'),
(489, 'Porsche 911 GT2', 'X6999', 3, 3, 4, ' ', '', 0, 12, 'https://static.wikia.nocookie.net/hotwheels/images/9/94/911_gt2_white.jpg/revision/latest/scale-to-width-down/1000?cb=20210217054507'),
(490, 'Porsche 911 GT2', 'X6999', 30, 1, 4, ' ', '', 0, 12, 'https://static.wikia.nocookie.net/hotwheels/images/d/d4/911gt2MPE.jpg/revision/latest/scale-to-width-down/1000?cb=20190208040736'),
(491, 'Porsche 911 GT2', 'CDT27', 12, 9, 99, ' ', '', 0, 12, 'https://static.wikia.nocookie.net/hotwheels/images/f/f6/PorschePP.jpg/revision/latest/scale-to-width-down/1000?cb=20220305092240'),
(492, 'Porsche 911 GT2', 'X6999', 1, 6, 4, ' ', '', 0, 12, 'https://static.wikia.nocookie.net/hotwheels/images/d/d6/DSC_5605.jpg/revision/latest/scale-to-width-down/1000?cb=20170730204612'),
(493, 'Porsche 911 GT2', 'X6999', 7, 11, 4, '', '', 1, 12, 'https://static.wikia.nocookie.net/hotwheels/images/6/63/Porsche_911_GT2_Yellow.jpg/revision/latest/scale-to-width-down/1000?cb=20241029081730'),
(494, 'Porsche 911 GT3', 'HKH97', 3, 4, 2, ' ', '', 1, 14, 'https://static.wikia.nocookie.net/hotwheels/images/5/58/%2722PorscheGT3.jpg/revision/latest/scale-to-width-down/1000?cb=20230626030316'),
(495, 'Porsche 911 GT3', 'HCX85', 64, 1, 2, ' ', '', 1, 14, 'https://static.wikia.nocookie.net/hotwheels/images/2/27/2022-199_HCX85_Porsche_911_GT3_Black_open-1.jpg/revision/latest/scale-to-width-down/1000?cb=20231027022823'),
(496, 'Porsche 911 GT3', 'HCT22', 2, 1, 2, ' ', '', 0, 14, 'https://static.wikia.nocookie.net/hotwheels/images/c/cc/Porsche992GT3.jpg/revision/latest/scale-to-width-down/1000?cb=20220427110453'),
(497, 'Porsche 911 GT3', 'HYX17', 14, 11, 2, '', '', 1, 14, 'https://static.wikia.nocookie.net/hotwheels/images/f/ff/IsaiasPorsche.jpg/revision/latest/scale-to-width-down/1000?cb=20250113141506'),
(498, 'Porsche 911 GT3 Cup', 'R8500', 14, 8, 44, '', 'Speed Machines', 0, 4, 'https://static.wikia.nocookie.net/hotwheels/images/a/a4/Porsche911GT3_speed1.JPG/revision/latest?cb=20100403231651'),
(499, 'Porsche 911 GT3 RS', 'GHP50', 6, 15, 100, ' ', '', 0, 23, 'https://static.wikia.nocookie.net/hotwheels/images/3/3d/Porsche_911_GT3_RS_%282011%29_-_2020_HW_Exotics_5-Pack.png/revision/latest/scale-to-width-down/1000?cb=20230725201733'),
(500, 'Porsche 911 GT3 RS', 'HRW55', 6, 12, 12, ' ', '', 1, 4, 'https://static.wikia.nocookie.net/hotwheels/images/a/ac/2003Porsche911GT3RS.jpg/revision/latest/scale-to-width-down/1000?cb=20240821122608'),
(501, 'Porsche 911 GT3 RS', 'DWJ93', 36, 14, 101, ' ', 'Premium', 0, 23, 'https://static.wikia.nocookie.net/hotwheels/images/7/7a/Porsche_911_GT3_RS_%282011%29_-_2017_Forza.png/revision/latest/scale-to-width-down/1000?cb=20230725202237'),
(502, 'Porsche 911 GT3 RS', 'DHP00', 3, 13, 2, ' ', '', 0, 6, 'https://static.wikia.nocookie.net/hotwheels/images/8/88/DSC_5611.jpg/revision/latest/scale-to-width-down/1000?cb=20170731072604'),
(503, 'Porsche 911 GT3 RS', 'DTY80', 98, 14, 2, ' ', '', 0, 6, 'https://static.wikia.nocookie.net/hotwheels/images/a/a7/Porsche_911_GT3_RS_2017.png/revision/latest?cb=20170113220136'),
(504, 'Porsche 911 GT3 RS', 'FJX93', 1, 7, 2, ' ', '', 0, 6, 'https://static.wikia.nocookie.net/hotwheels/images/4/41/Porsche_911_GT3_RS_-_White.jpg/revision/latest/scale-to-width-down/1000?cb=20180505002649'),
(505, 'Porsche 911 GT3 RS', 'DHP00', 3, 13, 2, ' ', '', 1, 6, 'https://static.wikia.nocookie.net/hotwheels/images/1/16/Porsche_911_GT3_RS_package_front-0.png/revision/latest/scale-to-width-down/1000?cb=20161024100339'),
(506, 'Porsche 911 Off-Roader', 'JCM61', 66, 11, 102, '', '', 1, 24, 'https://static.wikia.nocookie.net/hotwheels/images/9/92/Porsche911Safari.jpg/revision/latest/scale-to-width-down/1000?cb=20250318120245'),
(507, 'Porsche 911 Off-Roader', 'JCM65', 5, 11, 102, '', '', 1, 24, 'https://static.wikia.nocookie.net/hotwheels/images/4/42/Track_Fleet_2025_Mix_2_Porsche_911_Off-Roader_Matte_Black_Malaysia_JCM65.jpg/revision/latest/scale-to-width-down/1000?cb=20250718184803'),
(508, 'Porsche 911 Rallye', 'HRY70', 1, 12, 2, ' ', '', 1, 23, 'https://static.wikia.nocookie.net/hotwheels/images/3/39/Porsche911Dakar.jpg/revision/latest/scale-to-width-down/1000?cb=20240803081235'),
(509, 'Porsche 911 Rallye', 'HYW87', 33, 11, 2, '', '', 1, 23, 'https://static.wikia.nocookie.net/hotwheels/images/1/14/2022PorscheDakar.jpg/revision/latest/scale-to-width-down/1000?cb=20250224122710'),
(510, 'Porsche 911 Turbo 3.6 (964)', 'HKG69', 14, 4, 2, ' ', '', 1, 23, 'https://static.wikia.nocookie.net/hotwheels/images/f/f2/%27ToonedPorsche964.jpg/revision/latest/scale-to-width-down/1000?cb=20230830102145'),
(511, 'Porsche 911 Turbo 3.6 (964)', 'HTB41', 99, 12, 2, ' ', '', 1, 23, 'https://static.wikia.nocookie.net/hotwheels/images/7/79/1993PorscheTurbo.jpg/revision/latest/scale-to-width-down/1000?cb=20240609124713'),
(512, 'Porsche 914 Safari', 'GRY88', 1, 6, 2, ' ', '', 0, 6, 'https://static.wikia.nocookie.net/hotwheels/images/1/13/P-914_2021_Exotics3.jpg/revision/latest/scale-to-width-down/1000?cb=20210822215955'),
(513, 'Porsche 917 LH', 'FYD21', 2, 3, 2, ' ', '', 0, 6, 'https://static.wikia.nocookie.net/hotwheels/images/b/b3/Porsche_917_LH_%28Blue%29._HW_Raceday_3of10.jpg/revision/latest?cb=20190217011422'),
(514, 'Porsche 917 LH', 'GHD21', 2, 15, 2, '', '', 0, 6, 'https://static.wikia.nocookie.net/hotwheels/images/a/ae/2020-917LH.JPG/revision/latest/scale-to-width-down/1000?cb=20191014132935'),
(515, 'Porsche 917K', 'CGB66', 7, 9, 103, ' ', '', 0, 7, 'https://static.wikia.nocookie.net/hotwheels/images/1/11/Porsche_917K-2015_Series.jpg/revision/latest/scale-to-width-down/1000?cb=20150413170240'),
(516, 'Porsche 918 Spyder', 'FYD27', 5, 3, 2, '', '', 0, 1, 'https://static.wikia.nocookie.net/hotwheels/images/e/eb/Porsche_918_Spyder_%282019%29_1.JPG/revision/latest/scale-to-width-down/1000?cb=20181223044307'),
(517, 'Porsche 928S Safari', 'HKG46', 8, 4, 2, ' ', '', 1, 6, 'https://static.wikia.nocookie.net/hotwheels/images/3/31/Porsche928Safari.jpg/revision/latest/scale-to-width-down/1000?cb=20230707052527'),
(518, 'Porsche 928S Safari', 'HTF29', 3, 12, 25, '', '', 1, 6, 'https://static.wikia.nocookie.net/hotwheels/images/2/24/1977Porsche928Safari.jpg/revision/latest/scale-to-width-down/1000?cb=20240827124635'),
(519, 'Porsche 930', '11087', 33, 45, 104, 'The requirement was to purchase the complete segment series of cars and send the backing cards to Mattel. In return you received one of the exclusively decorated cars .', 'Bonus Car', 1, 7, 'https://static.wikia.nocookie.net/hotwheels/images/4/42/Porsche_930_Bnus.JPG/revision/latest?cb=20090311030148'),
(520, 'Porsche 934 Turbo RSR', 'CFJ67', 2, 9, 2, ' ', '', 0, 1, 'https://static.wikia.nocookie.net/hotwheels/images/b/b1/HW-2015-220-Porsche_934_Turbo_RSR-Garage.jpg/revision/latest?cb=20150227044355'),
(521, 'Porsche 934 Turbo RSR', 'DHR77', 4, 13, 2, '', '', 0, 1, 'https://static.wikia.nocookie.net/hotwheels/images/3/39/HW-2016-181-Porsche_934_Turbo_RSR-SpeedGraphics.jpg/revision/latest/scale-to-width-down/1000?cb=20151104012319'),
(522, 'Porsche 935', 'HCT96', 17, 1, 2, ' ', '', 0, 1, 'https://static.wikia.nocookie.net/hotwheels/images/2/20/HCT96-01.JPG/revision/latest/scale-to-width-down/1000?cb=20220525071117'),
(523, 'Porsche 935', 'HCW73', 14, 1, 2, ' ', '', 0, 1, 'https://static.wikia.nocookie.net/hotwheels/images/6/6e/Pietervdw_HW_Porsche935_Black.jpg/revision/latest/scale-to-width-down/1000?cb=20220321103116'),
(524, 'Porsche 935', 'HKL17', 85, 4, 2, ' ', '', 1, 1, 'https://static.wikia.nocookie.net/hotwheels/images/6/6e/2023-223_HKH96_Porsche_935_Blue_open-4.jpg/revision/latest/scale-to-width-down/1000?cb=20231015213529'),
(525, 'Porsche 959 (micro)', '4983', 100, 34, 105, ' ', '', 0, 17, 'https://static.wikia.nocookie.net/hotwheels/images/9/9d/1990_MICRO_Chroma_4pk_4983_Collection_II_Porsche_959_Gold_open-1.jpg/revision/latest?cb=20230413184048'),
(526, 'Porsche 993 GT2', 'GRY84', 3, 6, 2, ' ', '', 0, 3, 'https://static.wikia.nocookie.net/hotwheels/images/4/4e/2021_Porsche_993_gt2_.jpg/revision/latest/scale-to-width-down/1000?cb=20210804170019'),
(527, 'Porsche 993 GT2', 'DHT11', 17, 13, 2, ' ', '', 0, 3, 'https://static.wikia.nocookie.net/hotwheels/images/4/47/HW-2016-114-Porsche_993_GT2-Showroom..jpg/revision/latest?cb=20160213033732'),
(528, 'Porsche Boxter Spyder', 'V5314', 1, 10, 5, ' ', '2012 New Models', 0, 22, 'https://static.wikia.nocookie.net/hotwheels/images/9/90/Boxster_Spyder_-_12NM.jpg/revision/latest?cb=20120630000032'),
(529, 'Porsche Carrera GT', 'K6180', 3, 16, 106, ' ', '', 0, 2, 'https://static.wikia.nocookie.net/hotwheels/images/f/f3/Exotics_5_-_Carrera_GT.jpg/revision/latest?cb=20081102221704'),
(530, 'Porsche Carrera GT', 'R8497', 7, 8, 44, '', 'Speed Machines', 0, 2, 'https://static.wikia.nocookie.net/hotwheels/images/c/c9/IMG_5245.jpg/revision/latest?cb=20100331171941'),
(531, 'Porsche Cayman S ', 'R8498', 14, 8, 44, ' ', 'Speed Machines', 0, 2, 'https://static.wikia.nocookie.net/hotwheels/images/0/0a/PorscheCaymanS_speed1.JPG/revision/latest?cb=20100403214636'),
(532, 'Porsche Cayman S ', 'X6999', 3, 14, 4, ' ', '', 0, 2, 'https://static.wikia.nocookie.net/hotwheels/images/b/b9/PorscheCaymanSX6999.jpg/revision/latest/scale-to-width-down/1000?cb=20170216001258'),
(533, 'Porsche Panamera', 'BDC82', 2, 2, 2, ' ', '', 0, 1, 'https://static.wikia.nocookie.net/hotwheels/images/4/41/Porsche_Panamera-2014_040.jpg/revision/latest?cb=20131120135702'),
(534, 'Porsche Panamera', 'FYC86', 3, 3, 2, '', '', 0, 1, 'https://static.wikia.nocookie.net/hotwheels/images/6/68/Panamera_Police_Red.JPG/revision/latest/scale-to-width-down/1000?cb=20191020193918'),
(535, 'Porsche Panamera Turbo S E-Hybrid Sport Turismo', 'HDH12', 14, 1, 107, ' ', '', 0, 14, 'https://static.wikia.nocookie.net/hotwheels/images/4/4c/Luxury_Sedans_Porsche_Panamera_Turbo_S_E-Hybrid_Sport_Turismo_HDH12_2022.jpg/revision/latest/scale-to-width-down/1000?cb=20220629205012'),
(536, 'Porsche Panamera Turbo S E-Hybrid Sport Turismo', 'FYB51', 15, 3, 2, 'Nagykártyás', '', 1, 14, 'https://static.wikia.nocookie.net/hotwheels/images/1/15/FYB51_-_Porsche_Panamera_Turbo_S_E-Hybrid_Sport_Turismo-1.jpg/revision/latest/scale-to-width-down/1000?cb=20190810133237'),
(537, 'Porsche Taycan Turbo S', 'GTB23', 101, 6, 2, ' ', '', 0, 2, 'https://static.wikia.nocookie.net/hotwheels/images/1/1b/PorscheTaycan.jpg/revision/latest/scale-to-width-down/1000?cb=20211223060716'),
(538, 'Porsche Taycan Turbo S', 'HKJ31', 12, 4, 2, ' ', '', 0, 2, 'https://static.wikia.nocookie.net/hotwheels/images/c/c4/HKJ31-LOOSE.jpg/revision/latest/scale-to-width-down/1000?cb=20250124082152'),
(539, 'Power Pistons', 'B0890', 14, 32, 108, 'Hiányos', '', 0, 39, 'https://static.wikia.nocookie.net/hotwheels/images/6/65/Power_Pistons_-_2003_Highway_35_World_Race_-_Roadbeasts_1a.JPG/revision/latest?cb=20200824172012'),
(540, 'Power Rage', 'G8087', 1, 21, 109, 'Bontatlanul kártya is jár hozzá', 'Különkiadás', 0, 18, 'https://static.wikia.nocookie.net/hotwheels/images/8/8f/2005PowerRagecommonvaration.jpg/revision/latest/scale-to-width-down/1000?cb=20200508075218'),
(541, 'Power Tread', 'BBY85', 3, 2, 110, ' ', '', 0, 17, 'https://static.wikia.nocookie.net/hotwheels/images/3/32/MMPowerTreadRed.jpg/revision/latest?cb=20150605230436'),
(542, 'Proton Saga', 'HRY46', 3, 12, 2, ' ', '', 1, 23, 'https://static.wikia.nocookie.net/hotwheels/images/3/31/1985ProtonSaga.jpg/revision/latest/scale-to-width-down/1000?cb=20231003115137'),
(543, 'Purple Passion', 'HTF22', 102, 12, 25, ' ', '', 1, 7, 'https://static.wikia.nocookie.net/hotwheels/images/5/5e/ArtPassion.jpg/revision/latest/scale-to-width-down/1000?cb=20240409120630'),
(544, 'Quick Bite', 'GRY78', 14, 6, 2, ' ', '', 0, 1, 'https://static.wikia.nocookie.net/hotwheels/images/3/38/GRY78_-_Quick_Bite-1.jpg/revision/latest/scale-to-width-down/1000?cb=20220111061358'),
(545, 'Quick Bite', 'GHF96', 1, 15, 2, ' ', '', 0, 1, 'https://static.wikia.nocookie.net/hotwheels/images/a/a2/Quick_Bite_2019_-_Front.jpg/revision/latest/scale-to-width-down/1000?cb=20210404124207'),
(546, 'Quick Bite', 'FYF22', 1, 3, 2, ' ', '', 0, 1, 'https://static.wikia.nocookie.net/hotwheels/images/0/07/2497.JPG/revision/latest/scale-to-width-down/1000?cb=20201116142803'),
(547, 'Quick Bite', 'HKJ92', 12, 4, 2, ' ', '', 0, 1, 'https://static.wikia.nocookie.net/hotwheels/images/9/96/2023-031_HKJ92_Quick_Bite_Green_open-1.jpg/revision/latest/scale-to-width-down/1000?cb=20230925002022'),
(548, 'Quick Bite', 'HKH19', 7, 4, 2, ' ', '', 0, 1, 'https://static.wikia.nocookie.net/hotwheels/images/d/d8/HKH19.jpg/revision/latest?cb=20221030114106'),
(549, 'Quick Bite', 'HTB48', 1, 12, 2, ' ', '', 0, 1, 'https://static.wikia.nocookie.net/hotwheels/images/e/e2/MilkBite.jpg/revision/latest/scale-to-width-down/1000?cb=20240729111511'),
(550, 'Quick Bite', 'HCX97', 11, 1, 25, '', '', 1, 1, 'https://www.jatekshop.eu/upload_files/products/hw-quick-bite-auto.jpg'),
(551, 'Quick Bite', 'HYY84', 6, 11, 2, '', '', 0, 1, 'https://static.wikia.nocookie.net/hotwheels/images/b/b2/FuegoFajitas.jpg/revision/latest/scale-to-width-down/1000?cb=20250224122600'),
(552, 'Quicksand', 'CFK58', 101, 9, 2, ' ', '', 0, 3, 'https://static.wikia.nocookie.net/hotwheels/images/f/f3/HW-2015-111-Quicksand-StuntCircuit.jpg/revision/latest/scale-to-width-down/1000?cb=20141115031315'),
(553, 'Racebait 308', '2021', 8, 43, 2, '', 'Ferrari', 0, 7, 'https://i.etsystatic.com/8704347/r/il/43927f/3445728494/il_fullxfull.3445728494_pcr8.jpg'),
(554, 'Rail Rodder', 'B3649', 68, 31, 111, ' ', '', 0, 7, ''),
(555, 'Range Rover', '16916', 103, 45, 2, '', '', 0, 7, 'https://static.wikia.nocookie.net/hotwheels/images/6/67/Range_Rover_BBBM.JPG/revision/latest?cb=20090108181701'),
(556, 'Range Rover Velar', 'HYY63', 104, 11, 2, '', '', 1, 6, 'https://static.wikia.nocookie.net/hotwheels/images/a/a3/RangeRoverVelar.jpg/revision/latest/scale-to-width-down/1000?cb=20250107133243'),
(557, 'Renault Sport RS 01', 'HFV80', 105, 1, 112, ' ', '', 0, 1, 'https://static.wikia.nocookie.net/hotwheels/images/6/61/MotorShow5PackRS01.jpg/revision/latest/scale-to-width-down/1000?cb=20211105192616'),
(558, 'Renault Sport RS 01', 'HKJ38', 3, 4, 2, ' ', '', 1, 1, 'https://static.wikia.nocookie.net/hotwheels/images/d/d5/Renault_Sport_R.S._01_2023.jpg/revision/latest/scale-to-width-down/1000?cb=20230323091507'),
(559, 'Renault Sport RS 01', 'GHP58', 8, 15, 113, ' ', '', 0, 1, 'https://static.wikia.nocookie.net/hotwheels/images/d/d1/2020-nightburnerz-5pack-rs01.jpg/revision/latest/scale-to-width-down/1000?cb=20200405125849'),
(560, 'Renault Sport RS 01', 'FKT62', 11, 7, 114, ' ', '', 0, 1, 'https://static.wikia.nocookie.net/hotwheels/images/8/86/RenaultSportRS.jpg/revision/latest/scale-to-width-down/1000?cb=20190211143340'),
(561, 'Rig Storm', 'JBC24', 106, 11, 25, '', '', 1, 1, 'https://static.wikia.nocookie.net/hotwheels/images/6/65/2025_Rig_Storm.jpg/revision/latest/scale-to-width-down/1000?cb=20250409033332'),
(562, 'Rogue Hog', 'CFL13', 3, 9, 25, '', '', 0, 23, 'https://static.wikia.nocookie.net/hotwheels/images/5/5b/1_%289%29.jpg/revision/latest?cb=20151204041927'),
(563, 'Saturn Ion Quad Coupe', '57024', 10, 32, 115, '', '', 0, 17, ''),
(564, 'Scion xB', 'V5534', 106, 10, 2, '', '', 0, 33, 'https://static.wikia.nocookie.net/hotwheels/images/d/d6/Scion_xB_-_12_Code_Cars.JPG/revision/latest/scale-to-width-down/1000?cb=20120715213325'),
(565, 'Shelby Cobra \"Daytona\" Coupe', 'HTF10', 17, 12, 2, '', '', 1, 7, ''),
(566, 'Shelby Cobra 427 S/C', 'V0595', 107, 5, 19, ' ', '', 0, 7, ''),
(567, 'Shock Factor', '???', 0, 0, 0, '', '', 0, 0, 'https://static.wikia.nocookie.net/hotwheels/images/5/55/20201227_163151.jpg/revision/latest/scale-to-width-down/1000?cb=20210222213007'),
(568, 'Small Bloc', 'HRY92', 108, 12, 2, '', '', 1, 23, ''),
(569, 'Smash Hit / Smak Bak', '7821', 12, 24, 48, 'Hiányos', '', 0, 7, ''),
(570, 'Sol-Aire CX4', '5902', 36, 47, 36, '', '', 0, 7, 'https://static.wikia.nocookie.net/hotwheels/images/8/88/Sol_Aire_unptd.JPG/revision/latest?cb=20091010213743'),
(571, 'Speed Crasher / Smak Bak', '7824', 101, 25, 48, 'Hiányos', '', 0, 7, 'https://static.wikia.nocookie.net/hotwheels/images/a/a9/200sx_green.JPG/revision/latest/scale-to-width-down/1000?cb=20110509081631'),
(572, 'Spiderider/Talbot Lago', '3479', 1, 48, 117, '', '', 1, 7, ''),
(573, 'Stake F1 Team Kick Sauber', 'JGF58', 14, 11, 53, '', '', 1, 27, 'https://static.wikia.nocookie.net/hotwheels/images/0/0b/JBJ78-stake_web.jpg/revision/latest/scale-to-width-down/1000?cb=20250318110657'),
(574, 'Stocker Smasher / Stocker Smasher', '7067', 3, 24, 48, '', '', 0, 7, 'https://static.wikia.nocookie.net/hotwheels/images/c/ce/Speed_Crasher_Crack-Ups_-_7756df.jpg/revision/latest/scale-to-width-down/1000?cb=20091020085948'),
(575, 'Stocker Smasher / Stocker Smasher', '7067', 3, 47, 48, 'Malaysia', '', 0, 7, 'https://static.wikia.nocookie.net/hotwheels/images/4/44/1985_Stocker_Smasher_Crack_Ups_red_hood_up.jpg/revision/latest/scale-to-width-down/1000?cb=20190325045719'),
(576, 'Street Cleaver', 'CFH34', 41, 9, 118, 'Ennek már nincs meg a Spoilere', '', 0, 7, ''),
(577, 'Street Cleaver', 'CFH34', 41, 9, 118, 'Ennek még megvan a Spoilere', '', 0, 7, ''),
(578, 'Subaru BRAT', 'FYY73', 3, 3, 119, '', '', 0, 5, ''),
(579, 'Subaru BRZ', 'HYW99', 2, 11, 2, '', '', 1, 2, ''),
(580, 'Subaru Forester Sti', 'HRV74', 109, 12, 120, '', 'Premium', 1, 16, 'https://static.wikia.nocookie.net/hotwheels/images/3/33/Premium_Car_Culture_2024_Modern_Classics_Subaru_Forester_STi_MF_Blue_Thailand_HRV74.jpg/revision/latest/scale-to-width-down/1000?cb=20241222212553'),
(581, 'Subaru WRX STI', 'HKK62', 1, 4, 2, '', '', 0, 40, 'https://static.wikia.nocookie.net/hotwheels/images/b/bb/HKK62_-_LOOSE.jpg/revision/latest?cb=20230324160750'),
(582, 'Subaru WRX STI', 'JBJ87', 110, 11, 8, '', '', 1, 40, 'https://static.wikia.nocookie.net/hotwheels/images/f/f4/20241218233247.jpg/revision/latest/scale-to-width-down/1000?cb=20241219053454'),
(583, 'Super Tsunami', 'W2638/Y5184', 111, 49, 58, ' ', '', 0, 2, ''),
(584, 'Syd Mead\'s Sentinel 400 Limo', '52924', 112, 29, 59, '', '2002 First Editions', 0, 41, ''),
(585, 'T-Bird Stocker (1997)', '25416', 2, 19, 2, 'Vagy 5-ös vagy Sima', '', 0, 7, ''),
(586, 'T-Bucket', 'H7089', 17, 21, 121, '', '', 0, 7, 'https://static.wikia.nocookie.net/hotwheels/images/5/5d/X126-2%2C99-0%2C75.jpg/revision/latest/scale-to-width-down/1000?cb=20180809162055'),
(587, 'Tesla Cyberquad', 'HYW31', 30, 11, 2, '', '', 1, 26, ''),
(588, 'Tesla Model S Plaid', 'HRY91', 17, 12, 2, '', '', 1, 26, ''),
(589, 'Tesla Model S Plaid', 'HYW86', 113, 11, 2, '', '', 1, 26, ''),
(590, 'Tesla Model X', 'DVB58', 3, 14, 2, '', '', 0, 1, 'https://static.wikia.nocookie.net/hotwheels/images/3/3a/Tesla_Model_X_DVB58.png/revision/latest?cb=20170420204058'),
(591, 'Tesla Model X', 'FJW84', 30, 7, 2, '', '', 0, 1, 'https://static.wikia.nocookie.net/hotwheels/images/2/22/Tesla-0.jpg/revision/latest/scale-to-width-down/1000?cb=20181222205923'),
(592, 'Tesla Roadster with Starman', 'FYD29', 3, 3, 2, '', '', 0, 2, 'https://static.wikia.nocookie.net/hotwheels/images/b/be/2019_Hot_Wheels_Tesla_Roadster_with_Starman.jpg/revision/latest/scale-to-width-down/1000?cb=20190111170728');
INSERT INTO `hw_cars` (`id`, `name`, `toy_code`, `color_id`, `year_id`, `series_id`, `notes`, `extras`, `packed`, `designer_id`, `img_url`) VALUES
(593, 'Time Tracker', 'CFJ15', 17, 9, 25, '', '', 0, 40, 'https://static.wikia.nocookie.net/hotwheels/images/1/1b/2015Time_Tracker_T-Hunts.JPG/revision/latest/scale-to-width-down/1000?cb=20151219204011'),
(594, 'Tooligan', 'HTF17', 56, 12, 25, ' ', '', 1, 42, 'https://static.wikia.nocookie.net/hotwheels/images/a/a3/HWTooligan.jpg/revision/latest/scale-to-width-down/1000?cb=20231217070915'),
(595, 'Tooligan', 'DVD00', 11, 14, 25, '', '', 0, 42, 'https://static.wikia.nocookie.net/hotwheels/images/8/84/IMG20170615145417.jpg/revision/latest/scale-to-width-down/1000?cb=20170615065814'),
(596, 'Toon\'d \'83 Chevy Silverado', 'HKH98', 41, 4, 2, '', '', 0, 1, 'https://static.wikia.nocookie.net/hotwheels/images/f/fd/HKH98.jpg/revision/latest?cb=20230108121658'),
(597, 'Top Bopper / Bang-Up Job', '7582', 8, 24, 48, ' ', '', 0, 7, ''),
(598, 'Toyota 2000GT', 'HRV07', 3, 12, 11, '', '', 1, 3, ''),
(599, 'Toyota Celica', '28755', 10, 29, 2, '', '', 0, 2, ''),
(600, 'Toyota FJ Cruiser', 'HRT99', 5, 12, 42, '', 'Premium', 1, 11, ''),
(601, 'Toyota GR86 CUP', 'HRY77', 2, 12, 2, '', '', 1, 20, ''),
(602, 'Toyota GR86 CUP', 'HYX23', 11, 11, 2, '', '', 1, 20, ''),
(603, 'Toyota GR86 Cup', 'HYX74', 42, 11, 2, '', '', 1, 20, 'https://static.wikia.nocookie.net/hotwheels/images/b/b3/2024ToyotaGR86Cup.jpg/revision/latest/scale-to-width-down/1000?cb=20250416123203'),
(604, 'Toyota Land Cruiser FJ40', 'T9840', 1, 5, 2, ' ', '', 0, 3, 'https://static.wikia.nocookie.net/hotwheels/images/9/98/Photo-2.JPG/revision/latest/scale-to-width-down/1000?cb=20111012024842'),
(605, 'Toyota Off-Road Truck', 'GRX70', 11, 6, 2, ' ', '', 0, 2, 'https://static.wikia.nocookie.net/hotwheels/images/0/01/Tundra_Baja_Orange_21.jpg/revision/latest/scale-to-width-down/1000?cb=20201030091020'),
(606, 'Toyota Off-Road Truck', 'DTX61', 4, 14, 2, ' ', '', 0, 2, 'https://static.wikia.nocookie.net/hotwheels/images/3/32/Toyota-2017HWSG.jpg/revision/latest?cb=20161211170937'),
(607, 'Toyota Off-Road Truck', 'R7618', 14, 8, 2, '', '', 0, 2, 'https://static.wikia.nocookie.net/hotwheels/images/9/94/ToyotaBaja_Desert_Black.JPG/revision/latest/scale-to-width-down/1000?cb=20100921175635'),
(608, 'Toyota Off-Road Truck', 'T8642', 7, 5, 54, '', '', 0, 2, 'https://static.wikia.nocookie.net/hotwheels/images/3/30/Toyota-Baja-Truck-j.jpg/revision/latest?cb=20180306063101'),
(609, 'Toyota Supra', 'HTB09', 12, 12, 2, '', '', 1, 3, ''),
(610, 'Toyota Tacoma Custom', 'JCL98', 1, 11, 122, ' ', 'hátrahúzós, 1:43', 1, 15, 'https://static.wikia.nocookie.net/hotwheels/images/c/cc/2017ToyotaTacomaPBS.jpg/revision/latest/scale-to-width-down/1000?cb=20250707101210'),
(611, 'Tricar X-8', '5112', 7, 50, 97, '', '', 0, 7, 'https://static.wikia.nocookie.net/hotwheels/images/6/67/Tricar_X8_Yel.JPG/revision/latest?cb=20091021134132'),
(612, 'Vespa 90 SS Super Sprint (1966)', 'HTD23', 2, 12, 2, '', '', 1, 27, 'https://encrypted-tbn0.gstatic.com/images?q=tbn:ANd9GcQDwUp86gAspvE94fvfTMEATOxJAdppA3IC1g&s'),
(613, 'Visa Cash App RB F1 Team', 'JGF58', 2, 11, 53, '', '', 1, 27, 'https://static.wikia.nocookie.net/hotwheels/images/5/55/JBJ78-visa_web.jpg/revision/latest/scale-to-width-down/1000?cb=20250318110723'),
(614, 'Volkswagen Drag Bus', 'BHR40', 114, 6, 19, ' ', '', 0, 2, 'https://static.wikia.nocookie.net/hotwheels/images/9/91/Hot_Wheels_2021_Drag_Bus_Color_Shifters.jpg/revision/latest/scale-to-width-down/1000?cb=20210320000450'),
(615, 'Volkswagen Scirocco GT 24', 'R8510', 7, 8, 44, '', 'Speed Machines', 0, 12, ''),
(616, 'Volkswagen SP2', 'FYD62', 115, 3, 2, '', '', 0, 16, 'https://static.wikia.nocookie.net/hotwheels/images/e/ef/VW_SP2_%284616%29_HW_L1190968.JPG/revision/latest/scale-to-width-down/1000?cb=20190314085728'),
(617, 'Volkswagen SP2', 'FYF71', 3, 3, 2, '', '', 0, 16, 'https://static.wikia.nocookie.net/hotwheels/images/5/5b/VW_SP2_Red_19.jpg/revision/latest/scale-to-width-down/1000?cb=20190621095331'),
(618, 'VW T3 Custom', 'JBB21', 116, 11, 2, '', '', 1, 29, 'https://static.wikia.nocookie.net/hotwheels/images/5/5d/VolkswagenT3Custom.jpg/revision/latest/scale-to-width-down/1000?cb=20250522012911'),
(619, 'Wheelie Chair', 'HTD18', 14, 12, 2, '', '', 1, 43, ''),
(620, 'Williams Racing', 'JBC07', 2, 11, 2, '', '', 1, 27, 'https://static.wikia.nocookie.net/hotwheels/images/0/01/WilliamsRacingFW46.jpg/revision/latest/scale-to-width-down/1000?cb=20250104114316');

-- --------------------------------------------------------

--
-- Tábla szerkezet ehhez a táblához `series`
--

CREATE TABLE `series` (
  `id` int(3) NOT NULL,
  `series` varchar(56) DEFAULT NULL
) ENGINE=InnoDB DEFAULT CHARSET=utf8 COLLATE=utf8_general_ci;

--
-- A tábla adatainak kiíratása `series`
--

INSERT INTO `series` (`id`, `series`) VALUES
(1, 'Mountain Drifters, Bontott'),
(2, 'Mainline'),
(3, 'Police Pursuit 5-Pack'),
(4, 'Multipack exclusive'),
(5, 'New Models'),
(6, 'HW Motor Show 5'),
(7, 'HW Exotics 5-Pack (2019)'),
(8, 'Nightburnerz 5-pack'),
(9, 'Mustang 60 Years Series (2025)'),
(10, 'Hot Trucks 5-pack'),
(11, 'Vintage Racing Club'),
(12, 'Fast & Furious: Racing'),
(13, 'Camaro'),
(14, 'RLC'),
(15, 'National Icons Series (2025)'),
(16, 'Nightburnerz 5-Pack (2018)'),
(17, 'Fast & Furious: Racing Course'),
(18, 'BMW Race Cars Car Culture 2-Pack'),
(19, 'Color Shifters'),
(20, '2021 Multi-Pack Exclusives'),
(21, 'FORD MUSTANG 5 PACK'),
(22, 'Pull-Back Speeders: HW Modified'),
(23, 'Hot Wheels Boulevard #105'),
(24, 'Hot Wheels Monster Trucks Big Rigs'),
(25, 'Treasure Hunt'),
(26, 'SUPER TREASURE HUNT'),
(27, 'HW Race Team 5-Pack'),
(28, '50th Anniversary Zamac Flames Series '),
(29, 'Ultra Hots Series'),
(30, 'Team: Muscle Mania'),
(31, 'Mustang 5-pack'),
(32, 'Muscle Mania'),
(33, 'Fast&Furious'),
(34, 'Mystery Models (Series 2)'),
(35, 'HW Flames 5-Pack'),
(36, 'Ultra Hots'),
(37, 'Mopar Mania 5 Pack'),
(38, '3-as készlet'),
(39, 'HW Flames 5-Pack (2020)'),
(40, 'James Bond'),
(41, '90s Street Scene Series (2025)'),
(42, 'Fast & Furious'),
(43, 'HW Exotics 5-Pack'),
(44, 'Speed Machines'),
(45, 'All Stars'),
(46, '2025 Pop Culture'),
(47, 'Car Culture: Fast Wagons'),
(48, 'Crack-Ups'),
(49, 'Hot Wheels Motorcycle Club Series (2024)'),
(50, 'Monster Trucks, Treasure Hunt'),
(51, 'BMW Series (2016)'),
(52, 'Car Meet 5-Pack (2018)'),
(53, 'Formula1 5-pack'),
(54, 'World Racers 5-Pack (2011)'),
(55, 'The Hot Ones'),
(56, 'Workhorses'),
(57, 'Figure 8 Racers 5-Pack'),
(58, 'Team Hot Wheels 5-Pack / Hot Wheels Test Facility 5-Pack'),
(59, 'First Editions'),
(60, 'Spider-Man: Maximum Venom'),
(61, 'Green and Gold Series (2024)'),
(62, 'Vintage Series II'),
(63, 'Neon Speeders'),
(64, 'Nissan 5-pack'),
(65, 'McDonald\'s'),
(66, 'Pull-Back Speeders: HW Muscle Mania'),
(67, 'Zero-G 5-Pack'),
(68, 'Nem meghatározható'),
(69, 'Flippers'),
(70, 'Flip Out'),
(71, '1:43'),
(72, 'Ferrari Racer'),
(73, 'Ferrari 5-Pack (2012-1)'),
(74, 'Ferrari 5-Pack'),
(75, 'Track Aces'),
(76, 'Ferrari 5-Pack (2014)'),
(77, 'Ferrari 5-Pack (2013)'),
(78, ' '),
(79, 'Batman 5-Pack (2015)'),
(80, 'X-V Racers'),
(81, 'Hummer'),
(82, 'Ferrari Team Truck'),
(83, 'AcceleRacers: Metal Maniacs'),
(84, 'Concrete Cruisers 5-Pack'),
(85, 'Lamborghini Series (2017)'),
(86, 'Luxury Sedans'),
(87, 'Super Chrome'),
(88, 'Roll-Up Raceway'),
(89, '10-es csomag'),
(90, 'Legends Tour'),
(91, '2024 Fast & Furious Premium Series'),
(92, 'Neon Speeders Series'),
(93, 'Team: Ford Racing'),
(94, '2025 Fast & Furious Premium Series'),
(95, 'Modern Classics'),
(96, 'HW Workhorses'),
(97, 'Speed Fleet'),
(98, 'Mystery Models S21/03'),
(99, 'HW Exotics 5-Pack (2015)'),
(100, 'HW Exotics 5-Pack (2020)'),
(101, 'Replica Entertainment: Forza Motorsport'),
(102, 'Track Fleet'),
(103, 'Porsche Series (2015)'),
(104, 'Bonus Car'),
(105, 'Micro Chroma Racers collection II'),
(106, 'Exotics 5-Pack'),
(107, 'Luxury Sedans Series (2022)'),
(108, 'Highway 35 World Race'),
(109, 'AcceleRacers: Teku'),
(110, 'Mutant Machines'),
(111, 'Chrome Burnerz 5-Pack'),
(112, 'Motor Show 5-Pack (2022)'),
(113, 'Nightburnerz 5-Pack (2020)'),
(114, 'HW Exotics 5-Pack (2018)'),
(115, 'Raptor Blast 5-Pack'),
(116, '???'),
(117, 'Tattoo Machines'),
(118, 'HW City: HW City Works'),
(119, 'Off Road Trucks'),
(120, 'Car Culture: Modern Classics'),
(121, 'Classics (Series 1)'),
(122, 'Pull-Back Speeders: Factory Fresh'),
(123, NULL),
(245, 'STH');

-- --------------------------------------------------------

--
-- Tábla szerkezet ehhez a táblához `years`
--

CREATE TABLE `years` (
  `id` int(2) NOT NULL,
  `year` varchar(21) DEFAULT NULL
) ENGINE=InnoDB DEFAULT CHARSET=utf8 COLLATE=utf8_general_ci;

--
-- A tábla adatainak kiíratása `years`
--

INSERT INTO `years` (`id`, `year`) VALUES
(1, '2022'),
(2, '2014'),
(3, '2019'),
(4, '2023'),
(5, '2011'),
(6, '2021'),
(7, '2018'),
(8, '2010'),
(9, '2015'),
(10, '2012'),
(11, '2025'),
(12, '2024'),
(13, '2016'),
(14, '2017'),
(15, '2020'),
(16, '2007'),
(17, '2008'),
(18, '2013'),
(19, '2000'),
(20, '1979'),
(21, '2005'),
(22, '2006'),
(23, '2009'),
(24, '1985'),
(25, '1983'),
(26, '1980'),
(27, '1998'),
(28, '2012/2014'),
(29, '2002'),
(30, '1994'),
(31, '2004'),
(32, '2003'),
(33, '2001'),
(34, '1990'),
(35, '1986'),
(36, '1999'),
(37, '1977-82-igvalamikor'),
(38, '1991'),
(39, '1992'),
(40, '1977'),
(41, '1981'),
(42, '1980-1991igvalamikori'),
(43, '1982'),
(44, '1989'),
(45, '1997'),
(46, '???'),
(47, '1984'),
(48, '1993'),
(49, '2012/2013'),
(50, '1988'),
(51, NULL),
(101, '2030');

--
-- Indexek a kiírt táblákhoz
--

--
-- A tábla indexei `colors`
--
ALTER TABLE `colors`
  ADD PRIMARY KEY (`id`);

--
-- A tábla indexei `designers`
--
ALTER TABLE `designers`
  ADD PRIMARY KEY (`id`);

--
-- A tábla indexei `hw_cars`
--
ALTER TABLE `hw_cars`
  ADD PRIMARY KEY (`id`);

--
-- A tábla indexei `series`
--
ALTER TABLE `series`
  ADD PRIMARY KEY (`id`);

--
-- A tábla indexei `years`
--
ALTER TABLE `years`
  ADD PRIMARY KEY (`id`);

--
-- A kiírt táblák AUTO_INCREMENT értéke
--

--
-- AUTO_INCREMENT a táblához `colors`
--
ALTER TABLE `colors`
  MODIFY `id` int(3) NOT NULL AUTO_INCREMENT, AUTO_INCREMENT=234;

--
-- AUTO_INCREMENT a táblához `designers`
--
ALTER TABLE `designers`
  MODIFY `id` int(2) NOT NULL AUTO_INCREMENT, AUTO_INCREMENT=89;

--
-- AUTO_INCREMENT a táblához `hw_cars`
--
ALTER TABLE `hw_cars`
  MODIFY `id` int(3) NOT NULL AUTO_INCREMENT, AUTO_INCREMENT=1241;

--
-- AUTO_INCREMENT a táblához `series`
--
ALTER TABLE `series`
  MODIFY `id` int(3) NOT NULL AUTO_INCREMENT, AUTO_INCREMENT=246;

--
-- AUTO_INCREMENT a táblához `years`
--
ALTER TABLE `years`
  MODIFY `id` int(2) NOT NULL AUTO_INCREMENT, AUTO_INCREMENT=102;
COMMIT;

/*!40101 SET CHARACTER_SET_CLIENT=@OLD_CHARACTER_SET_CLIENT */;
/*!40101 SET CHARACTER_SET_RESULTS=@OLD_CHARACTER_SET_RESULTS */;
/*!40101 SET COLLATION_CONNECTION=@OLD_COLLATION_CONNECTION */;
